sample_id,label,Hap1Fasta,Hap2Fasta,dipFai,bedFile_QV,ilmMerylDBTarGz,grch38_confidence,mosdepth_bed,projectionBedFileHap1,projectableBedFileHap2,dipProjectionBed,END
HG005_verkko_raw,GIAB_conf_mapq1_5x,/private/groups/migalab/juklucas/polishing/HG005/verkko/trio_asm/assembly.haplotype1.fasta,/private/groups/migalab/juklucas/polishing/HG005/verkko/trio_asm/assembly.haplotype2.fasta,/private/groups/patenlab/mira/hprc_polishing/data/HG005_verkko/assembly.fasta.fai,/private/groups/patenlab/mira/hprc_polishing/polisher_evaluation/Merqury_stratifications/subtract_dropout_from_GIAB/QV_beds/HG005_verkko_raw_dip.GIAB_conf_projection.gtMAPQ1_5x.bed,/private/groups/patenlab/mira/hprc_polishing/polisher_evaluation/meryl_dbs/HG005.ilm.k31.30x.meryl.tar.gz,/private/groups/hprc/ref_files/giab/HG002_intersect_HG005_GIAB_v4.2.1.bed,/private/groups/patenlab/mira/hprc_polishing/verkko_model_debug/HG005_QV/mosdepth_verkko/HG005_mosdepth_quantized.lt5x_cov.gt100bp.MAPQ1.bed,/private/groups/patenlab/mira/hprc_polishing/polisher_evaluation/Merqury_stratifications/align_asm_project_blocks/HG005_verkko_raw/analysis/align_asm_project_blocks_outputs/assembly.asmToRefHap1_HG002_intersect_HG005_GIAB_v4.2.1.projection.bed,/private/groups/patenlab/mira/hprc_polishing/polisher_evaluation/Merqury_stratifications/align_asm_project_blocks/HG005_verkko_raw/analysis/align_asm_project_blocks_outputs/assembly.asmToRefHap2_HG002_intersect_HG005_GIAB_v4.2.1.projectable.bed,/private/groups/patenlab/mira/hprc_polishing/polisher_evaluation/Merqury_stratifications/subtract_dropout_from_GIAB/diploid_beds/HG005_verkko_raw_dip.HG002_intersect_HG005_GIAB_v4.2.1.projection.bed,NA
HG005_verkko_polished,GIAB_conf_mapq1_5x,/private/groups/patenlab/mira/hprc_polishing/polisher_evaluation/GIAB_samples_manuscript/applyPolish_dipcall_happy/HG005_hifi_verkko_model_2_hprc_filters/applyPolish_dipcall_outputs/HG005_hifi_verkko_model_2_hprc_filters_hap1.polished.fasta,/private/groups/patenlab/mira/hprc_polishing/polisher_evaluation/GIAB_samples_manuscript/applyPolish_dipcall_happy/HG005_hifi_verkko_model_2_hprc_filters/applyPolish_dipcall_outputs/HG005_hifi_verkko_model_2_hprc_filters_hap2.polished.fasta,/private/groups/patenlab/mira/hprc_polishing/polisher_evaluation/GIAB_samples_manuscript/applyPolish_dipcall_happy/HG005_hifi_verkko_model_2_hprc_filters/applyPolish_dipcall_outputs/HG005_hifi_verkko_model_2_hprc_filters.dip.polished.fasta.fai,/private/groups/patenlab/mira/hprc_polishing/polisher_evaluation/Merqury_stratifications/subtract_dropout_from_GIAB/QV_beds/HG005_verkko_polished_dip.GIAB_conf_projection.gtMAPQ1_5x.bed,/private/groups/patenlab/mira/hprc_polishing/polisher_evaluation/meryl_dbs/HG005.ilm.k31.30x.meryl.tar.gz,/private/groups/hprc/ref_files/giab/HG002_intersect_HG005_GIAB_v4.2.1.bed,/private/groups/patenlab/mira/hprc_polishing/verkko_model_debug/HG005_QV/mosdepth_verkko/HG005_mosdepth_quantized.lt5x_cov.gt100bp.MAPQ1.bed,/private/groups/patenlab/mira/hprc_polishing/polisher_evaluation/Merqury_stratifications/align_asm_project_blocks/HG005_verkko_polished/analysis/align_asm_project_blocks_outputs/HG005_hifi_verkko_model_2_hprc_filters_hap1.asmToRefHap1_HG002_intersect_HG005_GIAB_v4.2.1.projection.bed,/private/groups/patenlab/mira/hprc_polishing/polisher_evaluation/Merqury_stratifications/align_asm_project_blocks/HG005_verkko_polished/analysis/align_asm_project_blocks_outputs/HG005_hifi_verkko_model_2_hprc_filters_hap2.asmToRefHap2_HG002_intersect_HG005_GIAB_v4.2.1.projectable.bed,/private/groups/patenlab/mira/hprc_polishing/polisher_evaluation/Merqury_stratifications/subtract_dropout_from_GIAB/diploid_beds/HG005_verkko_polished_dip.HG002_intersect_HG005_GIAB_v4.2.1.projection.bed,NA
HG005_hifiasm_raw,GIAB_conf_mapq1_5x,/private/groups/patenlab/mira/hprc_polishing/data/HG005_y2_polishing/HG005.trio_hifiasm_0.19.5.DC_1.2_40x.pat.fa,/private/groups/patenlab/mira/hprc_polishing/data/HG005_y2_polishing/HG005.trio_hifiasm_0.19.5.DC_1.2_40x.mat.fa,/private/groups/patenlab/mira/hprc_polishing/data/HG005_y2_polishing/HG005.trio_hifiasm_0.19.5.DC_1.2_40x.dip.fa.fai,/private/groups/patenlab/mira/hprc_polishing/polisher_evaluation/Merqury_stratifications/subtract_dropout_from_GIAB/QV_beds/HG005_hifiasm_raw_dip.GIAB_conf_projection.gtMAPQ1_5x.bed,/private/groups/patenlab/mira/hprc_polishing/polisher_evaluation/meryl_dbs/HG005.ilm.k31.30x.meryl.tar.gz,/private/groups/hprc/ref_files/giab/HG002_intersect_HG005_GIAB_v4.2.1.bed,/private/groups/patenlab/mira/hprc_polishing/verkko_model_debug/HG005_QV/mosdepth/HG005_mosdepth_quantized.lt5x_cov.gt100bp.MAPQ1.bed,/private/groups/patenlab/mira/hprc_polishing/polisher_evaluation/Merqury_stratifications/align_asm_project_blocks/HG005_hifiasm_raw/analysis/align_asm_project_blocks_outputs/HG005.trio_hifiasm_0.19.5.DC_1.2_40x.asmToRefHap1_HG002_intersect_HG005_GIAB_v4.2.1.projection.bed,/private/groups/patenlab/mira/hprc_polishing/polisher_evaluation/Merqury_stratifications/align_asm_project_blocks/HG005_hifiasm_raw/analysis/align_asm_project_blocks_outputs/HG005.trio_hifiasm_0.19.5.DC_1.2_40x.asmToRefHap2_HG002_intersect_HG005_GIAB_v4.2.1.projectable.bed,/private/groups/patenlab/mira/hprc_polishing/polisher_evaluation/Merqury_stratifications/subtract_dropout_from_GIAB/diploid_beds/HG005_hifiasm_raw_dip.HG002_intersect_HG005_GIAB_v4.2.1.projection.bed,NA
HG005_hifiasm_polished,GIAB_conf_mapq1_5x,/private/groups/patenlab/mira/hprc_polishing/qv_problems/HPRC_intermediate_asm/GQ_filters/GIAB/HG005_GQ20_INS1_GQ12_DEL1_GQ5_else/applyPolish_dipcall_outputs/HG005_GQ20_INS1_GQ12_DEL1_GQ5_else_hap1.polished.fasta,/private/groups/patenlab/mira/hprc_polishing/qv_problems/HPRC_intermediate_asm/GQ_filters/GIAB/HG005_GQ20_INS1_GQ12_DEL1_GQ5_else/applyPolish_dipcall_outputs/HG005_GQ20_INS1_GQ12_DEL1_GQ5_else_hap2.polished.fasta,/private/groups/patenlab/mira/hprc_polishing/qv_problems/HPRC_intermediate_asm/GQ_filters/GIAB/HG005_GQ20_INS1_GQ12_DEL1_GQ5_else/applyPolish_dipcall_outputs/HG005_GQ20_INS1_GQ12_DEL1_GQ5_else_dip.polished.fasta.fai,/private/groups/patenlab/mira/hprc_polishing/polisher_evaluation/Merqury_stratifications/subtract_dropout_from_GIAB/QV_beds/HG005_hifiasm_polished_dip.GIAB_conf_projection.gtMAPQ1_5x.bed,/private/groups/patenlab/mira/hprc_polishing/polisher_evaluation/meryl_dbs/HG005.ilm.k31.30x.meryl.tar.gz,/private/groups/hprc/ref_files/giab/HG002_intersect_HG005_GIAB_v4.2.1.bed,/private/groups/patenlab/mira/hprc_polishing/verkko_model_debug/HG005_QV/mosdepth/HG005_mosdepth_quantized.lt5x_cov.gt100bp.MAPQ1.bed,/private/groups/patenlab/mira/hprc_polishing/polisher_evaluation/Merqury_stratifications/align_asm_project_blocks/HG005_hifiasm_polished/analysis/align_asm_project_blocks_outputs/HG005_GQ20_INS1_GQ12_DEL1_GQ5_else_hap1.asmToRefHap1_HG002_intersect_HG005_GIAB_v4.2.1.projection.bed,/private/groups/patenlab/mira/hprc_polishing/polisher_evaluation/Merqury_stratifications/align_asm_project_blocks/HG005_hifiasm_polished/analysis/align_asm_project_blocks_outputs/HG005_GQ20_INS1_GQ12_DEL1_GQ5_else_hap2.asmToRefHap2_HG002_intersect_HG005_GIAB_v4.2.1.projectable.bed,/private/groups/patenlab/mira/hprc_polishing/polisher_evaluation/Merqury_stratifications/subtract_dropout_from_GIAB/diploid_beds/HG005_hifiasm_polished_dip.HG002_intersect_HG005_GIAB_v4.2.1.projection.bed,NA
mGorGor1_raw,GIAB_conf_mapq1_5x,s3://genomeark/species/Gorilla_gorilla/mGorGor1/assembly_verkko_1.4.1r/mGorGor1.pat.20230906.fasta.gz,s3://genomeark/species/Gorilla_gorilla/mGorGor1/assembly_verkko_1.4.1r/mGorGor1.mat.20230906.fasta.gz,/private/groups/patenlab/mira/t2t_primates_polishing/assemblies/diploid/mGorGor1.dip.20230906.fasta.fai,/private/groups/patenlab/mira/hprc_polishing/polisher_evaluation/Merqury_stratifications/subtract_dropout_from_GIAB/QV_beds/mGorGor1_raw_dip.GIAB_conf_projection.gtMAPQ1_5x.bed,/private/groups/patenlab/mira/t2t_primates_polishing/hprc_polishing_QC/mGorGor1_verkko_model2/analysis/hprc_polishing_QC_outputs/mGorGor1_verkko_model2.meryl.tar,/private/groups/hprc/ref_files/giab/HG002_intersect_HG005_GIAB_v4.2.1.bed,/private/groups/patenlab/mira/t2t_primates_polishing/hprc_DeepPolisher/mosdepth/mGorGor1_mosdepth_quantized.quant.lt5x_cov.gt100bp.MAPQ1.bed,/private/groups/patenlab/mira/hprc_polishing/polisher_evaluation/Merqury_stratifications/align_asm_project_blocks/mGorGor1_raw/analysis/align_asm_project_blocks_outputs/mGorGor1.pat.20230906.asmToRefHap1_HG002_intersect_HG005_GIAB_v4.2.1.projection.bed,/private/groups/patenlab/mira/hprc_polishing/polisher_evaluation/Merqury_stratifications/align_asm_project_blocks/mGorGor1_raw/analysis/align_asm_project_blocks_outputs/mGorGor1.mat.20230906.asmToRefHap2_HG002_intersect_HG005_GIAB_v4.2.1.projectable.bed,/private/groups/patenlab/mira/hprc_polishing/polisher_evaluation/Merqury_stratifications/subtract_dropout_from_GIAB/diploid_beds/mGorGor1_raw_dip.HG002_intersect_HG005_GIAB_v4.2.1.projection.bed,NA
mPanPan1_raw,GIAB_conf_mapq1_5x,s3://genomeark/species/Pan_paniscus/mPanPan1/assembly_verkko_1.4.1r/mPanPan1.pat.20230906.fasta.gz,s3://genomeark/species/Pan_paniscus/mPanPan1/assembly_verkko_1.4.1r/mPanPan1.mat.20230906.fasta.gz,/private/groups/patenlab/mira/t2t_primates_polishing/assemblies/diploid/mPanPan1.dip.20230906.fasta.fai,/private/groups/patenlab/mira/hprc_polishing/polisher_evaluation/Merqury_stratifications/subtract_dropout_from_GIAB/QV_beds/mPanPan1_raw_dip.GIAB_conf_projection.gtMAPQ1_5x.bed,/private/groups/patenlab/mira/t2t_primates_polishing/hprc_polishing_QC/mPanPan1_verkko_model2/analysis/hprc_polishing_QC_outputs/mPanPan1_verkko_model2.meryl.tar,/private/groups/hprc/ref_files/giab/HG002_intersect_HG005_GIAB_v4.2.1.bed,/private/groups/patenlab/mira/t2t_primates_polishing/hprc_DeepPolisher/mosdepth/mPanPan1_mosdepth_quantized.quant.lt5x_cov.gt100bp.MAPQ1.bed,/private/groups/patenlab/mira/hprc_polishing/polisher_evaluation/Merqury_stratifications/align_asm_project_blocks/mPanPan1_raw/analysis/align_asm_project_blocks_outputs/mPanPan1.pat.20230906.asmToRefHap1_HG002_intersect_HG005_GIAB_v4.2.1.projection.bed,/private/groups/patenlab/mira/hprc_polishing/polisher_evaluation/Merqury_stratifications/align_asm_project_blocks/mPanPan1_raw/analysis/align_asm_project_blocks_outputs/mPanPan1.mat.20230906.asmToRefHap2_HG002_intersect_HG005_GIAB_v4.2.1.projectable.bed,/private/groups/patenlab/mira/hprc_polishing/polisher_evaluation/Merqury_stratifications/subtract_dropout_from_GIAB/diploid_beds/mPanPan1_raw_dip.HG002_intersect_HG005_GIAB_v4.2.1.projection.bed,NA
mPanTro3_raw,GIAB_conf_mapq1_5x,s3://genomeark/species/Pan_troglodytes/mPanTro3/assembly_verkko_1.4.1r/mPanTro3.hap1.20230906.fasta.gz,s3://genomeark/species/Pan_troglodytes/mPanTro3/assembly_verkko_1.4.1r/mPanTro3.hap2.20230906.fasta.gz,/private/groups/patenlab/mira/t2t_primates_polishing/assemblies/diploid/mPanTro3.dip.20230906.fasta.fai,/private/groups/patenlab/mira/hprc_polishing/polisher_evaluation/Merqury_stratifications/subtract_dropout_from_GIAB/QV_beds/mPanTro3_raw_dip.GIAB_conf_projection.gtMAPQ1_5x.bed,/private/groups/patenlab/mira/t2t_primates_polishing/hprc_polishing_QC/mPanTro3_verkko_model2/analysis/hprc_polishing_QC_outputs/mPanTro3_verkko_model2.meryl.tar,/private/groups/hprc/ref_files/giab/HG002_intersect_HG005_GIAB_v4.2.1.bed,/private/groups/patenlab/mira/t2t_primates_polishing/hprc_DeepPolisher/mosdepth/mPanTro3_mosdepth_quantized.quant.lt5x_cov.gt100bp.MAPQ1.bed,/private/groups/patenlab/mira/hprc_polishing/polisher_evaluation/Merqury_stratifications/align_asm_project_blocks/mPanTro3_raw/analysis/align_asm_project_blocks_outputs/mPanTro3.hap1.20230906.asmToRefHap1_HG002_intersect_HG005_GIAB_v4.2.1.projection.bed,/private/groups/patenlab/mira/hprc_polishing/polisher_evaluation/Merqury_stratifications/align_asm_project_blocks/mPanTro3_raw/analysis/align_asm_project_blocks_outputs/mPanTro3.hap2.20230906.asmToRefHap2_HG002_intersect_HG005_GIAB_v4.2.1.projectable.bed,/private/groups/patenlab/mira/hprc_polishing/polisher_evaluation/Merqury_stratifications/subtract_dropout_from_GIAB/diploid_beds/mPanTro3_raw_dip.HG002_intersect_HG005_GIAB_v4.2.1.projection.bed,NA
mPonAbe1_raw,GIAB_conf_mapq1_5x,s3://genomeark/species/Pongo_abelii/mPonAbe1/assembly_verkko_1.4.1r/mPonAbe1.hap1.20230906.fasta.gz,s3://genomeark/species/Pongo_abelii/mPonAbe1/assembly_verkko_1.4.1r/mPonAbe1.hap2.20230906.fasta.gz,/private/groups/patenlab/mira/t2t_primates_polishing/assemblies/diploid/mPonAbe1.dip.20230906.fasta.fai,/private/groups/patenlab/mira/hprc_polishing/polisher_evaluation/Merqury_stratifications/subtract_dropout_from_GIAB/QV_beds/mPonAbe1_raw_dip.GIAB_conf_projection.gtMAPQ1_5x.bed,/private/groups/patenlab/mira/t2t_primates_polishing/hprc_polishing_QC/mPonAbe1_verkko_model2/analysis/hprc_polishing_QC_outputs/mPonAbe1_verkko_model2.meryl.tar,/private/groups/hprc/ref_files/giab/HG002_intersect_HG005_GIAB_v4.2.1.bed,/private/groups/patenlab/mira/t2t_primates_polishing/hprc_DeepPolisher/mosdepth/mPonAbe1_mosdepth_quantized.quant.lt5x_cov.gt100bp.MAPQ1.bed,/private/groups/patenlab/mira/hprc_polishing/polisher_evaluation/Merqury_stratifications/align_asm_project_blocks/mPonAbe1_raw/analysis/align_asm_project_blocks_outputs/mPonAbe1.hap1.20230906.asmToRefHap1_HG002_intersect_HG005_GIAB_v4.2.1.projection.bed,/private/groups/patenlab/mira/hprc_polishing/polisher_evaluation/Merqury_stratifications/align_asm_project_blocks/mPonAbe1_raw/analysis/align_asm_project_blocks_outputs/mPonAbe1.hap2.20230906.asmToRefHap2_HG002_intersect_HG005_GIAB_v4.2.1.projectable.bed,/private/groups/patenlab/mira/hprc_polishing/polisher_evaluation/Merqury_stratifications/subtract_dropout_from_GIAB/diploid_beds/mPonAbe1_raw_dip.HG002_intersect_HG005_GIAB_v4.2.1.projection.bed,NA
mPonPyg2_raw,GIAB_conf_mapq1_5x,s3://genomeark/species/Pongo_pygmaeus/mPonPyg2/assembly_verkko_1.4.1r/mPonPyg2.hap1.20230906.fasta.gz,s3://genomeark/species/Pongo_pygmaeus/mPonPyg2/assembly_verkko_1.4.1r/mPonPyg2.hap2.20230906.fasta.gz,/private/groups/patenlab/mira/t2t_primates_polishing/assemblies/diploid/mPonPyg2.dip.20230906.fasta.fai,/private/groups/patenlab/mira/hprc_polishing/polisher_evaluation/Merqury_stratifications/subtract_dropout_from_GIAB/QV_beds/mPonPyg2_raw_dip.GIAB_conf_projection.gtMAPQ1_5x.bed,/private/groups/patenlab/mira/t2t_primates_polishing/hprc_polishing_QC/mPonPyg2_verkko_model2/analysis/hprc_polishing_QC_outputs/mPonPyg2_verkko_model2.meryl.tar,/private/groups/hprc/ref_files/giab/HG002_intersect_HG005_GIAB_v4.2.1.bed,/private/groups/patenlab/mira/t2t_primates_polishing/hprc_DeepPolisher/mosdepth/mPonPyg2_mosdepth_quantized.quant.lt5x_cov.gt100bp.MAPQ1.bed,/private/groups/patenlab/mira/hprc_polishing/polisher_evaluation/Merqury_stratifications/align_asm_project_blocks/mPonPyg2_raw/analysis/align_asm_project_blocks_outputs/mPonPyg2.hap1.20230906.asmToRefHap1_HG002_intersect_HG005_GIAB_v4.2.1.projection.bed,/private/groups/patenlab/mira/hprc_polishing/polisher_evaluation/Merqury_stratifications/align_asm_project_blocks/mPonPyg2_raw/analysis/align_asm_project_blocks_outputs/mPonPyg2.hap2.20230906.asmToRefHap2_HG002_intersect_HG005_GIAB_v4.2.1.projectable.bed,/private/groups/patenlab/mira/hprc_polishing/polisher_evaluation/Merqury_stratifications/subtract_dropout_from_GIAB/diploid_beds/mPonPyg2_raw_dip.HG002_intersect_HG005_GIAB_v4.2.1.projection.bed,NA
mSymSyn1_raw,GIAB_conf_mapq1_5x,s3://genomeark/species/Symphalangus_syndactylus/mSymSyn1/assembly_verkko_1.4.1r/mSymSyn1.hap1.20230906.fasta.gz,s3://genomeark/species/Symphalangus_syndactylus/mSymSyn1/assembly_verkko_1.4.1r/mSymSyn1.hap2.20230906.fasta.gz,/private/groups/patenlab/mira/t2t_primates_polishing/assemblies/diploid/mSymSyn1.dip.20230906.fasta.fai,/private/groups/patenlab/mira/hprc_polishing/polisher_evaluation/Merqury_stratifications/subtract_dropout_from_GIAB/QV_beds/mSymSyn1_raw_dip.GIAB_conf_projection.gtMAPQ1_5x.bed,/private/groups/patenlab/mira/t2t_primates_polishing/hprc_polishing_QC/mSymSyn1_verkko_model2/analysis/hprc_polishing_QC_outputs/mSymSyn1_verkko_model2.meryl.tar,/private/groups/hprc/ref_files/giab/HG002_intersect_HG005_GIAB_v4.2.1.bed,/private/groups/patenlab/mira/t2t_primates_polishing/hprc_DeepPolisher/mosdepth/mSymSyn1_mosdepth_quantized.quant.lt5x_cov.gt100bp.MAPQ1.bed,/private/groups/patenlab/mira/hprc_polishing/polisher_evaluation/Merqury_stratifications/align_asm_project_blocks/mSymSyn1_raw/analysis/align_asm_project_blocks_outputs/mSymSyn1.hap1.20230906.asmToRefHap1_HG002_intersect_HG005_GIAB_v4.2.1.projection.bed,/private/groups/patenlab/mira/hprc_polishing/polisher_evaluation/Merqury_stratifications/align_asm_project_blocks/mSymSyn1_raw/analysis/align_asm_project_blocks_outputs/mSymSyn1.hap2.20230906.asmToRefHap2_HG002_intersect_HG005_GIAB_v4.2.1.projectable.bed,/private/groups/patenlab/mira/hprc_polishing/polisher_evaluation/Merqury_stratifications/subtract_dropout_from_GIAB/diploid_beds/mSymSyn1_raw_dip.HG002_intersect_HG005_GIAB_v4.2.1.projection.bed,NA
mGorGor1_verkko_model2_primateGQ,GIAB_conf_mapq1_5x,/private/groups/patenlab/mira/t2t_primates_polishing/assemblies/applyPolish/mGorGor1_verkko_model2_primateGQ/analysis/applyPolish_outputs/mGorGor1_verkko_model2_primateGQ_hap1.polished.fasta,/private/groups/patenlab/mira/t2t_primates_polishing/assemblies/applyPolish/mGorGor1_verkko_model2_primateGQ/analysis/applyPolish_outputs/mGorGor1_verkko_model2_primateGQ_hap2.polished.fasta,/private/groups/patenlab/mira/t2t_primates_polishing/assemblies/applyPolish/mGorGor1_verkko_model2_primateGQ/analysis/applyPolish_outputs/mGorGor1_verkko_model2_primateGQ_dip.polished.fasta.fai,/private/groups/patenlab/mira/hprc_polishing/polisher_evaluation/Merqury_stratifications/subtract_dropout_from_GIAB/QV_beds/mGorGor1_verkko_model2_primateGQ_dip.GIAB_conf_projection.gtMAPQ1_5x.bed,/private/groups/patenlab/mira/t2t_primates_polishing/hprc_polishing_QC/mGorGor1_verkko_model2/analysis/hprc_polishing_QC_outputs/mGorGor1_verkko_model2.meryl.tar,/private/groups/hprc/ref_files/giab/HG002_intersect_HG005_GIAB_v4.2.1.bed,/private/groups/patenlab/mira/t2t_primates_polishing/hprc_DeepPolisher/mosdepth/mGorGor1_mosdepth_quantized.quant.lt5x_cov.gt100bp.MAPQ1.bed,/private/groups/patenlab/mira/hprc_polishing/polisher_evaluation/Merqury_stratifications/align_asm_project_blocks/mGorGor1_verkko_model2_primateGQ/analysis/align_asm_project_blocks_outputs/mGorGor1_verkko_model2_primateGQ_hap1.asmToRefHap1_HG002_intersect_HG005_GIAB_v4.2.1.projection.bed,/private/groups/patenlab/mira/hprc_polishing/polisher_evaluation/Merqury_stratifications/align_asm_project_blocks/mGorGor1_verkko_model2_primateGQ/analysis/align_asm_project_blocks_outputs/mGorGor1_verkko_model2_primateGQ_hap2.asmToRefHap2_HG002_intersect_HG005_GIAB_v4.2.1.projectable.bed,/private/groups/patenlab/mira/hprc_polishing/polisher_evaluation/Merqury_stratifications/subtract_dropout_from_GIAB/diploid_beds/mGorGor1_verkko_model2_primateGQ_dip.HG002_intersect_HG005_GIAB_v4.2.1.projection.bed,NA
mPanPan1_verkko_model2_primateGQ,GIAB_conf_mapq1_5x,/private/groups/patenlab/mira/t2t_primates_polishing/assemblies/applyPolish/mPanPan1_verkko_model2_primateGQ/analysis/applyPolish_outputs/mPanPan1_verkko_model2_primateGQ_hap1.polished.fasta,/private/groups/patenlab/mira/t2t_primates_polishing/assemblies/applyPolish/mPanPan1_verkko_model2_primateGQ/analysis/applyPolish_outputs/mPanPan1_verkko_model2_primateGQ_hap2.polished.fasta,/private/groups/patenlab/mira/t2t_primates_polishing/assemblies/applyPolish/mPanPan1_verkko_model2_primateGQ/analysis/applyPolish_outputs/mPanPan1_verkko_model2_primateGQ_dip.polished.fasta.fai,/private/groups/patenlab/mira/hprc_polishing/polisher_evaluation/Merqury_stratifications/subtract_dropout_from_GIAB/QV_beds/mPanPan1_verkko_model2_primateGQ_dip.GIAB_conf_projection.gtMAPQ1_5x.bed,/private/groups/patenlab/mira/t2t_primates_polishing/hprc_polishing_QC/mPanPan1_verkko_model2/analysis/hprc_polishing_QC_outputs/mPanPan1_verkko_model2.meryl.tar,/private/groups/hprc/ref_files/giab/HG002_intersect_HG005_GIAB_v4.2.1.bed,/private/groups/patenlab/mira/t2t_primates_polishing/hprc_DeepPolisher/mosdepth/mPanPan1_mosdepth_quantized.quant.lt5x_cov.gt100bp.MAPQ1.bed,/private/groups/patenlab/mira/hprc_polishing/polisher_evaluation/Merqury_stratifications/align_asm_project_blocks/mPanPan1_verkko_model2_primateGQ/analysis/align_asm_project_blocks_outputs/mPanPan1_verkko_model2_primateGQ_hap1.asmToRefHap1_HG002_intersect_HG005_GIAB_v4.2.1.projection.bed,/private/groups/patenlab/mira/hprc_polishing/polisher_evaluation/Merqury_stratifications/align_asm_project_blocks/mPanPan1_verkko_model2_primateGQ/analysis/align_asm_project_blocks_outputs/mPanPan1_verkko_model2_primateGQ_hap2.asmToRefHap2_HG002_intersect_HG005_GIAB_v4.2.1.projectable.bed,/private/groups/patenlab/mira/hprc_polishing/polisher_evaluation/Merqury_stratifications/subtract_dropout_from_GIAB/diploid_beds/mPanPan1_verkko_model2_primateGQ_dip.HG002_intersect_HG005_GIAB_v4.2.1.projection.bed,NA
mPanTro3_verkko_model2_primateGQ,GIAB_conf_mapq1_5x,/private/groups/patenlab/mira/t2t_primates_polishing/assemblies/applyPolish/mPanTro3_verkko_model2_primateGQ/analysis/applyPolish_outputs/mPanTro3_verkko_model2_primateGQ_hap1.polished.fasta,/private/groups/patenlab/mira/t2t_primates_polishing/assemblies/applyPolish/mPanTro3_verkko_model2_primateGQ/analysis/applyPolish_outputs/mPanTro3_verkko_model2_primateGQ_hap2.polished.fasta,/private/groups/patenlab/mira/t2t_primates_polishing/assemblies/applyPolish/mPanTro3_verkko_model2_primateGQ/analysis/applyPolish_outputs/mPanTro3_verkko_model2_primateGQ_dip.polished.fasta.fai,/private/groups/patenlab/mira/hprc_polishing/polisher_evaluation/Merqury_stratifications/subtract_dropout_from_GIAB/QV_beds/mPanTro3_verkko_model2_primateGQ_dip.GIAB_conf_projection.gtMAPQ1_5x.bed,/private/groups/patenlab/mira/t2t_primates_polishing/hprc_polishing_QC/mPanTro3_verkko_model2/analysis/hprc_polishing_QC_outputs/mPanTro3_verkko_model2.meryl.tar,/private/groups/hprc/ref_files/giab/HG002_intersect_HG005_GIAB_v4.2.1.bed,/private/groups/patenlab/mira/t2t_primates_polishing/hprc_DeepPolisher/mosdepth/mPanTro3_mosdepth_quantized.quant.lt5x_cov.gt100bp.MAPQ1.bed,/private/groups/patenlab/mira/hprc_polishing/polisher_evaluation/Merqury_stratifications/align_asm_project_blocks/mPanTro3_verkko_model2_primateGQ/analysis/align_asm_project_blocks_outputs/mPanTro3_verkko_model2_primateGQ_hap1.asmToRefHap1_HG002_intersect_HG005_GIAB_v4.2.1.projection.bed,/private/groups/patenlab/mira/hprc_polishing/polisher_evaluation/Merqury_stratifications/align_asm_project_blocks/mPanTro3_verkko_model2_primateGQ/analysis/align_asm_project_blocks_outputs/mPanTro3_verkko_model2_primateGQ_hap2.asmToRefHap2_HG002_intersect_HG005_GIAB_v4.2.1.projectable.bed,/private/groups/patenlab/mira/hprc_polishing/polisher_evaluation/Merqury_stratifications/subtract_dropout_from_GIAB/diploid_beds/mPanTro3_verkko_model2_primateGQ_dip.HG002_intersect_HG005_GIAB_v4.2.1.projection.bed,NA
mPonAbe1_verkko_model2_primateGQ,GIAB_conf_mapq1_5x,/private/groups/patenlab/mira/t2t_primates_polishing/assemblies/applyPolish/mPonAbe1_verkko_model2_primateGQ/analysis/applyPolish_outputs/mPonAbe1_verkko_model2_primateGQ_hap1.polished.fasta,/private/groups/patenlab/mira/t2t_primates_polishing/assemblies/applyPolish/mPonAbe1_verkko_model2_primateGQ/analysis/applyPolish_outputs/mPonAbe1_verkko_model2_primateGQ_hap2.polished.fasta,/private/groups/patenlab/mira/t2t_primates_polishing/assemblies/applyPolish/mPonAbe1_verkko_model2_primateGQ/analysis/applyPolish_outputs/mPonAbe1_verkko_model2_primateGQ_dip.polished.fasta.fai,/private/groups/patenlab/mira/hprc_polishing/polisher_evaluation/Merqury_stratifications/subtract_dropout_from_GIAB/QV_beds/mPonAbe1_verkko_model2_primateGQ_dip.GIAB_conf_projection.gtMAPQ1_5x.bed,/private/groups/patenlab/mira/t2t_primates_polishing/hprc_polishing_QC/mPonAbe1_verkko_model2/analysis/hprc_polishing_QC_outputs/mPonAbe1_verkko_model2.meryl.tar,/private/groups/hprc/ref_files/giab/HG002_intersect_HG005_GIAB_v4.2.1.bed,/private/groups/patenlab/mira/t2t_primates_polishing/hprc_DeepPolisher/mosdepth/mPonAbe1_mosdepth_quantized.quant.lt5x_cov.gt100bp.MAPQ1.bed,/private/groups/patenlab/mira/hprc_polishing/polisher_evaluation/Merqury_stratifications/align_asm_project_blocks/mPonAbe1_verkko_model2_primateGQ/analysis/align_asm_project_blocks_outputs/mPonAbe1_verkko_model2_primateGQ_hap1.asmToRefHap1_HG002_intersect_HG005_GIAB_v4.2.1.projection.bed,/private/groups/patenlab/mira/hprc_polishing/polisher_evaluation/Merqury_stratifications/align_asm_project_blocks/mPonAbe1_verkko_model2_primateGQ/analysis/align_asm_project_blocks_outputs/mPonAbe1_verkko_model2_primateGQ_hap2.asmToRefHap2_HG002_intersect_HG005_GIAB_v4.2.1.projectable.bed,/private/groups/patenlab/mira/hprc_polishing/polisher_evaluation/Merqury_stratifications/subtract_dropout_from_GIAB/diploid_beds/mPonAbe1_verkko_model2_primateGQ_dip.HG002_intersect_HG005_GIAB_v4.2.1.projection.bed,NA
mPonPyg2_verkko_model2_primateGQ,GIAB_conf_mapq1_5x,/private/groups/patenlab/mira/t2t_primates_polishing/assemblies/applyPolish/mPonPyg2_verkko_model2_primateGQ/analysis/applyPolish_outputs/mPonPyg2_verkko_model2_primateGQ_hap1.polished.fasta,/private/groups/patenlab/mira/t2t_primates_polishing/assemblies/applyPolish/mPonPyg2_verkko_model2_primateGQ/analysis/applyPolish_outputs/mPonPyg2_verkko_model2_primateGQ_hap2.polished.fasta,/private/groups/patenlab/mira/t2t_primates_polishing/assemblies/applyPolish/mPonPyg2_verkko_model2_primateGQ/analysis/applyPolish_outputs/mPonPyg2_verkko_model2_primateGQ_dip.polished.fasta.fai,/private/groups/patenlab/mira/hprc_polishing/polisher_evaluation/Merqury_stratifications/subtract_dropout_from_GIAB/QV_beds/mPonPyg2_verkko_model2_primateGQ_dip.GIAB_conf_projection.gtMAPQ1_5x.bed,/private/groups/patenlab/mira/t2t_primates_polishing/hprc_polishing_QC/mPonPyg2_verkko_model2/analysis/hprc_polishing_QC_outputs/mPonPyg2_verkko_model2.meryl.tar,/private/groups/hprc/ref_files/giab/HG002_intersect_HG005_GIAB_v4.2.1.bed,/private/groups/patenlab/mira/t2t_primates_polishing/hprc_DeepPolisher/mosdepth/mPonPyg2_mosdepth_quantized.quant.lt5x_cov.gt100bp.MAPQ1.bed,/private/groups/patenlab/mira/hprc_polishing/polisher_evaluation/Merqury_stratifications/align_asm_project_blocks/mPonPyg2_verkko_model2_primateGQ/analysis/align_asm_project_blocks_outputs/mPonPyg2_verkko_model2_primateGQ_hap1.asmToRefHap1_HG002_intersect_HG005_GIAB_v4.2.1.projection.bed,/private/groups/patenlab/mira/hprc_polishing/polisher_evaluation/Merqury_stratifications/align_asm_project_blocks/mPonPyg2_verkko_model2_primateGQ/analysis/align_asm_project_blocks_outputs/mPonPyg2_verkko_model2_primateGQ_hap2.asmToRefHap2_HG002_intersect_HG005_GIAB_v4.2.1.projectable.bed,/private/groups/patenlab/mira/hprc_polishing/polisher_evaluation/Merqury_stratifications/subtract_dropout_from_GIAB/diploid_beds/mPonPyg2_verkko_model2_primateGQ_dip.HG002_intersect_HG005_GIAB_v4.2.1.projection.bed,NA
mSymSyn1_verkko_model2_primateGQ,GIAB_conf_mapq1_5x,/private/groups/patenlab/mira/t2t_primates_polishing/assemblies/applyPolish/mSymSyn1_verkko_model2_primateGQ/analysis/applyPolish_outputs/mSymSyn1_verkko_model2_primateGQ_hap1.polished.fasta,/private/groups/patenlab/mira/t2t_primates_polishing/assemblies/applyPolish/mSymSyn1_verkko_model2_primateGQ/analysis/applyPolish_outputs/mSymSyn1_verkko_model2_primateGQ_hap2.polished.fasta,/private/groups/patenlab/mira/t2t_primates_polishing/assemblies/applyPolish/mSymSyn1_verkko_model2_primateGQ/analysis/applyPolish_outputs/mSymSyn1_verkko_model2_primateGQ_dip.polished.fasta.fai,/private/groups/patenlab/mira/hprc_polishing/polisher_evaluation/Merqury_stratifications/subtract_dropout_from_GIAB/QV_beds/mSymSyn1_verkko_model2_primateGQ_dip.GIAB_conf_projection.gtMAPQ1_5x.bed,/private/groups/patenlab/mira/t2t_primates_polishing/hprc_polishing_QC/mSymSyn1_verkko_model2/analysis/hprc_polishing_QC_outputs/mSymSyn1_verkko_model2.meryl.tar,/private/groups/hprc/ref_files/giab/HG002_intersect_HG005_GIAB_v4.2.1.bed,/private/groups/patenlab/mira/t2t_primates_polishing/hprc_DeepPolisher/mosdepth/mSymSyn1_mosdepth_quantized.quant.lt5x_cov.gt100bp.MAPQ1.bed,/private/groups/patenlab/mira/hprc_polishing/polisher_evaluation/Merqury_stratifications/align_asm_project_blocks/mSymSyn1_verkko_model2_primateGQ/analysis/align_asm_project_blocks_outputs/mSymSyn1_verkko_model2_primateGQ_hap1.asmToRefHap1_HG002_intersect_HG005_GIAB_v4.2.1.projection.bed,/private/groups/patenlab/mira/hprc_polishing/polisher_evaluation/Merqury_stratifications/align_asm_project_blocks/mSymSyn1_verkko_model2_primateGQ/analysis/align_asm_project_blocks_outputs/mSymSyn1_verkko_model2_primateGQ_hap2.asmToRefHap2_HG002_intersect_HG005_GIAB_v4.2.1.projectable.bed,/private/groups/patenlab/mira/hprc_polishing/polisher_evaluation/Merqury_stratifications/subtract_dropout_from_GIAB/diploid_beds/mSymSyn1_verkko_model2_primateGQ_dip.HG002_intersect_HG005_GIAB_v4.2.1.projection.bed,NA
mGorGor1_verkko_model2_hprcGQ,GIAB_conf_mapq1_5x,/private/groups/patenlab/mira/t2t_primates_polishing/assemblies/applyPolish/mGorGor1_verkko_model2_hprcGQ/analysis/applyPolish_outputs/mGorGor1_verkko_model2_hprcGQ_hap1.polished.fasta,/private/groups/patenlab/mira/t2t_primates_polishing/assemblies/applyPolish/mGorGor1_verkko_model2_hprcGQ/analysis/applyPolish_outputs/mGorGor1_verkko_model2_hprcGQ_hap2.polished.fasta,/private/groups/patenlab/mira/t2t_primates_polishing/assemblies/applyPolish/mGorGor1_verkko_model2_hprcGQ/analysis/applyPolish_outputs/mGorGor1_verkko_model2_hprcGQ_dip.polished.fasta.fai,/private/groups/patenlab/mira/hprc_polishing/polisher_evaluation/Merqury_stratifications/subtract_dropout_from_GIAB/QV_beds/mGorGor1_verkko_model2_hprcGQ_dip.GIAB_conf_projection.gtMAPQ1_5x.bed,/private/groups/patenlab/mira/t2t_primates_polishing/hprc_polishing_QC/mGorGor1_verkko_model2/analysis/hprc_polishing_QC_outputs/mGorGor1_verkko_model2.meryl.tar,/private/groups/hprc/ref_files/giab/HG002_intersect_HG005_GIAB_v4.2.1.bed,/private/groups/patenlab/mira/t2t_primates_polishing/hprc_DeepPolisher/mosdepth/mGorGor1_mosdepth_quantized.quant.lt5x_cov.gt100bp.MAPQ1.bed,/private/groups/patenlab/mira/hprc_polishing/polisher_evaluation/Merqury_stratifications/align_asm_project_blocks/mGorGor1_verkko_model2_hprcGQ/analysis/align_asm_project_blocks_outputs/mGorGor1_verkko_model2_hprcGQ_hap1.asmToRefHap1_HG002_intersect_HG005_GIAB_v4.2.1.projection.bed,/private/groups/patenlab/mira/hprc_polishing/polisher_evaluation/Merqury_stratifications/align_asm_project_blocks/mGorGor1_verkko_model2_hprcGQ/analysis/align_asm_project_blocks_outputs/mGorGor1_verkko_model2_hprcGQ_hap2.asmToRefHap2_HG002_intersect_HG005_GIAB_v4.2.1.projectable.bed,/private/groups/patenlab/mira/hprc_polishing/polisher_evaluation/Merqury_stratifications/subtract_dropout_from_GIAB/diploid_beds/mGorGor1_verkko_model2_hprcGQ_dip.HG002_intersect_HG005_GIAB_v4.2.1.projection.bed,NA
mPanPan1_verkko_model2_hprcGQ,GIAB_conf_mapq1_5x,/private/groups/patenlab/mira/t2t_primates_polishing/assemblies/applyPolish/mPanPan1_verkko_model2_hprcGQ/analysis/applyPolish_outputs/mPanPan1_verkko_model2_hprcGQ_hap1.polished.fasta,/private/groups/patenlab/mira/t2t_primates_polishing/assemblies/applyPolish/mPanPan1_verkko_model2_hprcGQ/analysis/applyPolish_outputs/mPanPan1_verkko_model2_hprcGQ_hap2.polished.fasta,/private/groups/patenlab/mira/t2t_primates_polishing/assemblies/applyPolish/mPanPan1_verkko_model2_hprcGQ/analysis/applyPolish_outputs/mPanPan1_verkko_model2_hprcGQ_dip.polished.fasta.fai,/private/groups/patenlab/mira/hprc_polishing/polisher_evaluation/Merqury_stratifications/subtract_dropout_from_GIAB/QV_beds/mPanPan1_verkko_model2_hprcGQ_dip.GIAB_conf_projection.gtMAPQ1_5x.bed,/private/groups/patenlab/mira/t2t_primates_polishing/hprc_polishing_QC/mPanPan1_verkko_model2/analysis/hprc_polishing_QC_outputs/mPanPan1_verkko_model2.meryl.tar,/private/groups/hprc/ref_files/giab/HG002_intersect_HG005_GIAB_v4.2.1.bed,/private/groups/patenlab/mira/t2t_primates_polishing/hprc_DeepPolisher/mosdepth/mPanPan1_mosdepth_quantized.quant.lt5x_cov.gt100bp.MAPQ1.bed,/private/groups/patenlab/mira/hprc_polishing/polisher_evaluation/Merqury_stratifications/align_asm_project_blocks/mPanPan1_verkko_model2_hprcGQ/analysis/align_asm_project_blocks_outputs/mPanPan1_verkko_model2_hprcGQ_hap1.asmToRefHap1_HG002_intersect_HG005_GIAB_v4.2.1.projection.bed,/private/groups/patenlab/mira/hprc_polishing/polisher_evaluation/Merqury_stratifications/align_asm_project_blocks/mPanPan1_verkko_model2_hprcGQ/analysis/align_asm_project_blocks_outputs/mPanPan1_verkko_model2_hprcGQ_hap2.asmToRefHap2_HG002_intersect_HG005_GIAB_v4.2.1.projectable.bed,/private/groups/patenlab/mira/hprc_polishing/polisher_evaluation/Merqury_stratifications/subtract_dropout_from_GIAB/diploid_beds/mPanPan1_verkko_model2_hprcGQ_dip.HG002_intersect_HG005_GIAB_v4.2.1.projection.bed,NA
mPanTro3_verkko_model2_hprcGQ,GIAB_conf_mapq1_5x,/private/groups/patenlab/mira/t2t_primates_polishing/assemblies/applyPolish/mPanTro3_verkko_model2_hprcGQ/analysis/applyPolish_outputs/mPanTro3_verkko_model2_hprcGQ_hap1.polished.fasta,/private/groups/patenlab/mira/t2t_primates_polishing/assemblies/applyPolish/mPanTro3_verkko_model2_hprcGQ/analysis/applyPolish_outputs/mPanTro3_verkko_model2_hprcGQ_hap2.polished.fasta,/private/groups/patenlab/mira/t2t_primates_polishing/assemblies/applyPolish/mPanTro3_verkko_model2_hprcGQ/analysis/applyPolish_outputs/mPanTro3_verkko_model2_hprcGQ_dip.polished.fasta.fai,/private/groups/patenlab/mira/hprc_polishing/polisher_evaluation/Merqury_stratifications/subtract_dropout_from_GIAB/QV_beds/mPanTro3_verkko_model2_hprcGQ_dip.GIAB_conf_projection.gtMAPQ1_5x.bed,/private/groups/patenlab/mira/t2t_primates_polishing/hprc_polishing_QC/mPanTro3_verkko_model2/analysis/hprc_polishing_QC_outputs/mPanTro3_verkko_model2.meryl.tar,/private/groups/hprc/ref_files/giab/HG002_intersect_HG005_GIAB_v4.2.1.bed,/private/groups/patenlab/mira/t2t_primates_polishing/hprc_DeepPolisher/mosdepth/mPanTro3_mosdepth_quantized.quant.lt5x_cov.gt100bp.MAPQ1.bed,/private/groups/patenlab/mira/hprc_polishing/polisher_evaluation/Merqury_stratifications/align_asm_project_blocks/mPanTro3_verkko_model2_hprcGQ/analysis/align_asm_project_blocks_outputs/mPanTro3_verkko_model2_hprcGQ_hap1.asmToRefHap1_HG002_intersect_HG005_GIAB_v4.2.1.projection.bed,/private/groups/patenlab/mira/hprc_polishing/polisher_evaluation/Merqury_stratifications/align_asm_project_blocks/mPanTro3_verkko_model2_hprcGQ/analysis/align_asm_project_blocks_outputs/mPanTro3_verkko_model2_hprcGQ_hap2.asmToRefHap2_HG002_intersect_HG005_GIAB_v4.2.1.projectable.bed,/private/groups/patenlab/mira/hprc_polishing/polisher_evaluation/Merqury_stratifications/subtract_dropout_from_GIAB/diploid_beds/mPanTro3_verkko_model2_hprcGQ_dip.HG002_intersect_HG005_GIAB_v4.2.1.projection.bed,NA
mPonAbe1_verkko_model2_hprcGQ,GIAB_conf_mapq1_5x,/private/groups/patenlab/mira/t2t_primates_polishing/assemblies/applyPolish/mPonAbe1_verkko_model2_hprcGQ/analysis/applyPolish_outputs/mPonAbe1_verkko_model2_hprcGQ_hap1.polished.fasta,/private/groups/patenlab/mira/t2t_primates_polishing/assemblies/applyPolish/mPonAbe1_verkko_model2_hprcGQ/analysis/applyPolish_outputs/mPonAbe1_verkko_model2_hprcGQ_hap2.polished.fasta,/private/groups/patenlab/mira/t2t_primates_polishing/assemblies/applyPolish/mPonAbe1_verkko_model2_hprcGQ/analysis/applyPolish_outputs/mPonAbe1_verkko_model2_hprcGQ_dip.polished.fasta.fai,/private/groups/patenlab/mira/hprc_polishing/polisher_evaluation/Merqury_stratifications/subtract_dropout_from_GIAB/QV_beds/mPonAbe1_verkko_model2_hprcGQ_dip.GIAB_conf_projection.gtMAPQ1_5x.bed,/private/groups/patenlab/mira/t2t_primates_polishing/hprc_polishing_QC/mPonAbe1_verkko_model2/analysis/hprc_polishing_QC_outputs/mPonAbe1_verkko_model2.meryl.tar,/private/groups/hprc/ref_files/giab/HG002_intersect_HG005_GIAB_v4.2.1.bed,/private/groups/patenlab/mira/t2t_primates_polishing/hprc_DeepPolisher/mosdepth/mPonAbe1_mosdepth_quantized.quant.lt5x_cov.gt100bp.MAPQ1.bed,/private/groups/patenlab/mira/hprc_polishing/polisher_evaluation/Merqury_stratifications/align_asm_project_blocks/mPonAbe1_verkko_model2_hprcGQ/analysis/align_asm_project_blocks_outputs/mPonAbe1_verkko_model2_hprcGQ_hap1.asmToRefHap1_HG002_intersect_HG005_GIAB_v4.2.1.projection.bed,/private/groups/patenlab/mira/hprc_polishing/polisher_evaluation/Merqury_stratifications/align_asm_project_blocks/mPonAbe1_verkko_model2_hprcGQ/analysis/align_asm_project_blocks_outputs/mPonAbe1_verkko_model2_hprcGQ_hap2.asmToRefHap2_HG002_intersect_HG005_GIAB_v4.2.1.projectable.bed,/private/groups/patenlab/mira/hprc_polishing/polisher_evaluation/Merqury_stratifications/subtract_dropout_from_GIAB/diploid_beds/mPonAbe1_verkko_model2_hprcGQ_dip.HG002_intersect_HG005_GIAB_v4.2.1.projection.bed,NA
mPonPyg2_verkko_model2_hprcGQ,GIAB_conf_mapq1_5x,/private/groups/patenlab/mira/t2t_primates_polishing/assemblies/applyPolish/mPonPyg2_verkko_model2_hprcGQ/analysis/applyPolish_outputs/mPonPyg2_verkko_model2_hprcGQ_hap1.polished.fasta,/private/groups/patenlab/mira/t2t_primates_polishing/assemblies/applyPolish/mPonPyg2_verkko_model2_hprcGQ/analysis/applyPolish_outputs/mPonPyg2_verkko_model2_hprcGQ_hap2.polished.fasta,/private/groups/patenlab/mira/t2t_primates_polishing/assemblies/applyPolish/mPonPyg2_verkko_model2_hprcGQ/analysis/applyPolish_outputs/mPonPyg2_verkko_model2_hprcGQ_dip.polished.fasta.fai,/private/groups/patenlab/mira/hprc_polishing/polisher_evaluation/Merqury_stratifications/subtract_dropout_from_GIAB/QV_beds/mPonPyg2_verkko_model2_hprcGQ_dip.GIAB_conf_projection.gtMAPQ1_5x.bed,/private/groups/patenlab/mira/t2t_primates_polishing/hprc_polishing_QC/mPonPyg2_verkko_model2/analysis/hprc_polishing_QC_outputs/mPonPyg2_verkko_model2.meryl.tar,/private/groups/hprc/ref_files/giab/HG002_intersect_HG005_GIAB_v4.2.1.bed,/private/groups/patenlab/mira/t2t_primates_polishing/hprc_DeepPolisher/mosdepth/mPonPyg2_mosdepth_quantized.quant.lt5x_cov.gt100bp.MAPQ1.bed,/private/groups/patenlab/mira/hprc_polishing/polisher_evaluation/Merqury_stratifications/align_asm_project_blocks/mPonPyg2_verkko_model2_hprcGQ/analysis/align_asm_project_blocks_outputs/mPonPyg2_verkko_model2_hprcGQ_hap1.asmToRefHap1_HG002_intersect_HG005_GIAB_v4.2.1.projection.bed,/private/groups/patenlab/mira/hprc_polishing/polisher_evaluation/Merqury_stratifications/align_asm_project_blocks/mPonPyg2_verkko_model2_hprcGQ/analysis/align_asm_project_blocks_outputs/mPonPyg2_verkko_model2_hprcGQ_hap2.asmToRefHap2_HG002_intersect_HG005_GIAB_v4.2.1.projectable.bed,/private/groups/patenlab/mira/hprc_polishing/polisher_evaluation/Merqury_stratifications/subtract_dropout_from_GIAB/diploid_beds/mPonPyg2_verkko_model2_hprcGQ_dip.HG002_intersect_HG005_GIAB_v4.2.1.projection.bed,NA
mSymSyn1_verkko_model2_hprcGQ,GIAB_conf_mapq1_5x,/private/groups/patenlab/mira/t2t_primates_polishing/assemblies/applyPolish/mSymSyn1_verkko_model2_hprcGQ/analysis/applyPolish_outputs/mSymSyn1_verkko_model2_hprcGQ_hap1.polished.fasta,/private/groups/patenlab/mira/t2t_primates_polishing/assemblies/applyPolish/mSymSyn1_verkko_model2_hprcGQ/analysis/applyPolish_outputs/mSymSyn1_verkko_model2_hprcGQ_hap2.polished.fasta,/private/groups/patenlab/mira/t2t_primates_polishing/assemblies/applyPolish/mSymSyn1_verkko_model2_hprcGQ/analysis/applyPolish_outputs/mSymSyn1_verkko_model2_hprcGQ_dip.polished.fasta.fai,/private/groups/patenlab/mira/hprc_polishing/polisher_evaluation/Merqury_stratifications/subtract_dropout_from_GIAB/QV_beds/mSymSyn1_verkko_model2_hprcGQ_dip.GIAB_conf_projection.gtMAPQ1_5x.bed,/private/groups/patenlab/mira/t2t_primates_polishing/hprc_polishing_QC/mSymSyn1_verkko_model2/analysis/hprc_polishing_QC_outputs/mSymSyn1_verkko_model2.meryl.tar,/private/groups/hprc/ref_files/giab/HG002_intersect_HG005_GIAB_v4.2.1.bed,/private/groups/patenlab/mira/t2t_primates_polishing/hprc_DeepPolisher/mosdepth/mSymSyn1_mosdepth_quantized.quant.lt5x_cov.gt100bp.MAPQ1.bed,/private/groups/patenlab/mira/hprc_polishing/polisher_evaluation/Merqury_stratifications/align_asm_project_blocks/mSymSyn1_verkko_model2_hprcGQ/analysis/align_asm_project_blocks_outputs/mSymSyn1_verkko_model2_hprcGQ_hap1.asmToRefHap1_HG002_intersect_HG005_GIAB_v4.2.1.projection.bed,/private/groups/patenlab/mira/hprc_polishing/polisher_evaluation/Merqury_stratifications/align_asm_project_blocks/mSymSyn1_verkko_model2_hprcGQ/analysis/align_asm_project_blocks_outputs/mSymSyn1_verkko_model2_hprcGQ_hap2.asmToRefHap2_HG002_intersect_HG005_GIAB_v4.2.1.projectable.bed,/private/groups/patenlab/mira/hprc_polishing/polisher_evaluation/Merqury_stratifications/subtract_dropout_from_GIAB/diploid_beds/mSymSyn1_verkko_model2_hprcGQ_dip.HG002_intersect_HG005_GIAB_v4.2.1.projection.bed,NA
mGorGor1_verkko_model2_primateGQ_GIAB_conf,GIAB_conf,/private/groups/patenlab/mira/t2t_primates_polishing/assemblies/applyPolish/mGorGor1_verkko_model2_primateGQ/analysis/applyPolish_outputs/mGorGor1_verkko_model2_primateGQ_hap1.polished.fasta,/private/groups/patenlab/mira/t2t_primates_polishing/assemblies/applyPolish/mGorGor1_verkko_model2_primateGQ/analysis/applyPolish_outputs/mGorGor1_verkko_model2_primateGQ_hap2.polished.fasta,/private/groups/patenlab/mira/t2t_primates_polishing/assemblies/applyPolish/mGorGor1_verkko_model2_primateGQ/analysis/applyPolish_outputs/mGorGor1_verkko_model2_primateGQ_dip.polished.fasta.fai,/private/groups/patenlab/mira/hprc_polishing/polisher_evaluation/Merqury_stratifications/subtract_dropout_from_GIAB/diploid_beds/mGorGor1_verkko_model2_primateGQ_dip.HG002_intersect_HG005_GIAB_v4.2.1.projection.bed,/private/groups/patenlab/mira/t2t_primates_polishing/hprc_polishing_QC/mGorGor1_verkko_model2/analysis/hprc_polishing_QC_outputs/mGorGor1_verkko_model2.meryl.tar,/private/groups/hprc/ref_files/giab/HG002_intersect_HG005_GIAB_v4.2.1.bed,,,,,
mPanPan1_verkko_model2_primateGQ_GIAB_conf,GIAB_conf,/private/groups/patenlab/mira/t2t_primates_polishing/assemblies/applyPolish/mPanPan1_verkko_model2_primateGQ/analysis/applyPolish_outputs/mPanPan1_verkko_model2_primateGQ_hap1.polished.fasta,/private/groups/patenlab/mira/t2t_primates_polishing/assemblies/applyPolish/mPanPan1_verkko_model2_primateGQ/analysis/applyPolish_outputs/mPanPan1_verkko_model2_primateGQ_hap2.polished.fasta,/private/groups/patenlab/mira/t2t_primates_polishing/assemblies/applyPolish/mPanPan1_verkko_model2_primateGQ/analysis/applyPolish_outputs/mPanPan1_verkko_model2_primateGQ_dip.polished.fasta.fai,/private/groups/patenlab/mira/hprc_polishing/polisher_evaluation/Merqury_stratifications/subtract_dropout_from_GIAB/diploid_beds/mPanPan1_verkko_model2_primateGQ_dip.HG002_intersect_HG005_GIAB_v4.2.1.projection.bed,/private/groups/patenlab/mira/t2t_primates_polishing/hprc_polishing_QC/mPanPan1_verkko_model2/analysis/hprc_polishing_QC_outputs/mPanPan1_verkko_model2.meryl.tar,/private/groups/hprc/ref_files/giab/HG002_intersect_HG005_GIAB_v4.2.1.bed,,,,,
mPanTro3_verkko_model2_primateGQ_GIAB_conf,GIAB_conf,/private/groups/patenlab/mira/t2t_primates_polishing/assemblies/applyPolish/mPanTro3_verkko_model2_primateGQ/analysis/applyPolish_outputs/mPanTro3_verkko_model2_primateGQ_hap1.polished.fasta,/private/groups/patenlab/mira/t2t_primates_polishing/assemblies/applyPolish/mPanTro3_verkko_model2_primateGQ/analysis/applyPolish_outputs/mPanTro3_verkko_model2_primateGQ_hap2.polished.fasta,/private/groups/patenlab/mira/t2t_primates_polishing/assemblies/applyPolish/mPanTro3_verkko_model2_primateGQ/analysis/applyPolish_outputs/mPanTro3_verkko_model2_primateGQ_dip.polished.fasta.fai,/private/groups/patenlab/mira/hprc_polishing/polisher_evaluation/Merqury_stratifications/subtract_dropout_from_GIAB/diploid_beds/mPanTro3_verkko_model2_primateGQ_dip.HG002_intersect_HG005_GIAB_v4.2.1.projection.bed,/private/groups/patenlab/mira/t2t_primates_polishing/hprc_polishing_QC/mPanTro3_verkko_model2/analysis/hprc_polishing_QC_outputs/mPanTro3_verkko_model2.meryl.tar,/private/groups/hprc/ref_files/giab/HG002_intersect_HG005_GIAB_v4.2.1.bed,,,,,
mPonAbe1_verkko_model2_primateGQ_GIAB_conf,GIAB_conf,/private/groups/patenlab/mira/t2t_primates_polishing/assemblies/applyPolish/mPonAbe1_verkko_model2_primateGQ/analysis/applyPolish_outputs/mPonAbe1_verkko_model2_primateGQ_hap1.polished.fasta,/private/groups/patenlab/mira/t2t_primates_polishing/assemblies/applyPolish/mPonAbe1_verkko_model2_primateGQ/analysis/applyPolish_outputs/mPonAbe1_verkko_model2_primateGQ_hap2.polished.fasta,/private/groups/patenlab/mira/t2t_primates_polishing/assemblies/applyPolish/mPonAbe1_verkko_model2_primateGQ/analysis/applyPolish_outputs/mPonAbe1_verkko_model2_primateGQ_dip.polished.fasta.fai,/private/groups/patenlab/mira/hprc_polishing/polisher_evaluation/Merqury_stratifications/subtract_dropout_from_GIAB/diploid_beds/mPonAbe1_verkko_model2_primateGQ_dip.HG002_intersect_HG005_GIAB_v4.2.1.projection.bed,/private/groups/patenlab/mira/t2t_primates_polishing/hprc_polishing_QC/mPonAbe1_verkko_model2/analysis/hprc_polishing_QC_outputs/mPonAbe1_verkko_model2.meryl.tar,/private/groups/hprc/ref_files/giab/HG002_intersect_HG005_GIAB_v4.2.1.bed,,,,,
mPonPyg2_verkko_model2_primateGQ_GIAB_conf,GIAB_conf,/private/groups/patenlab/mira/t2t_primates_polishing/assemblies/applyPolish/mPonPyg2_verkko_model2_primateGQ/analysis/applyPolish_outputs/mPonPyg2_verkko_model2_primateGQ_hap1.polished.fasta,/private/groups/patenlab/mira/t2t_primates_polishing/assemblies/applyPolish/mPonPyg2_verkko_model2_primateGQ/analysis/applyPolish_outputs/mPonPyg2_verkko_model2_primateGQ_hap2.polished.fasta,/private/groups/patenlab/mira/t2t_primates_polishing/assemblies/applyPolish/mPonPyg2_verkko_model2_primateGQ/analysis/applyPolish_outputs/mPonPyg2_verkko_model2_primateGQ_dip.polished.fasta.fai,/private/groups/patenlab/mira/hprc_polishing/polisher_evaluation/Merqury_stratifications/subtract_dropout_from_GIAB/diploid_beds/mPonPyg2_verkko_model2_primateGQ_dip.HG002_intersect_HG005_GIAB_v4.2.1.projection.bed,/private/groups/patenlab/mira/t2t_primates_polishing/hprc_polishing_QC/mPonPyg2_verkko_model2/analysis/hprc_polishing_QC_outputs/mPonPyg2_verkko_model2.meryl.tar,/private/groups/hprc/ref_files/giab/HG002_intersect_HG005_GIAB_v4.2.1.bed,,,,,
mSymSyn1_verkko_model2_primateGQ_GIAB_conf,GIAB_conf,/private/groups/patenlab/mira/t2t_primates_polishing/assemblies/applyPolish/mSymSyn1_verkko_model2_primateGQ/analysis/applyPolish_outputs/mSymSyn1_verkko_model2_primateGQ_hap1.polished.fasta,/private/groups/patenlab/mira/t2t_primates_polishing/assemblies/applyPolish/mSymSyn1_verkko_model2_primateGQ/analysis/applyPolish_outputs/mSymSyn1_verkko_model2_primateGQ_hap2.polished.fasta,/private/groups/patenlab/mira/t2t_primates_polishing/assemblies/applyPolish/mSymSyn1_verkko_model2_primateGQ/analysis/applyPolish_outputs/mSymSyn1_verkko_model2_primateGQ_dip.polished.fasta.fai,/private/groups/patenlab/mira/hprc_polishing/polisher_evaluation/Merqury_stratifications/subtract_dropout_from_GIAB/diploid_beds/mSymSyn1_verkko_model2_primateGQ_dip.HG002_intersect_HG005_GIAB_v4.2.1.projection.bed,/private/groups/patenlab/mira/t2t_primates_polishing/hprc_polishing_QC/mSymSyn1_verkko_model2/analysis/hprc_polishing_QC_outputs/mSymSyn1_verkko_model2.meryl.tar,/private/groups/hprc/ref_files/giab/HG002_intersect_HG005_GIAB_v4.2.1.bed,,,,,
mGorGor1_verkko_model2_hprcGQ_GIAB_conf,GIAB_conf,/private/groups/patenlab/mira/t2t_primates_polishing/assemblies/applyPolish/mGorGor1_verkko_model2_hprcGQ/analysis/applyPolish_outputs/mGorGor1_verkko_model2_hprcGQ_hap1.polished.fasta,/private/groups/patenlab/mira/t2t_primates_polishing/assemblies/applyPolish/mGorGor1_verkko_model2_hprcGQ/analysis/applyPolish_outputs/mGorGor1_verkko_model2_hprcGQ_hap2.polished.fasta,/private/groups/patenlab/mira/t2t_primates_polishing/assemblies/applyPolish/mGorGor1_verkko_model2_hprcGQ/analysis/applyPolish_outputs/mGorGor1_verkko_model2_hprcGQ_dip.polished.fasta.fai,/private/groups/patenlab/mira/hprc_polishing/polisher_evaluation/Merqury_stratifications/subtract_dropout_from_GIAB/diploid_beds/mGorGor1_verkko_model2_hprcGQ_dip.HG002_intersect_HG005_GIAB_v4.2.1.projection.bed,/private/groups/patenlab/mira/t2t_primates_polishing/hprc_polishing_QC/mGorGor1_verkko_model2/analysis/hprc_polishing_QC_outputs/mGorGor1_verkko_model2.meryl.tar,/private/groups/hprc/ref_files/giab/HG002_intersect_HG005_GIAB_v4.2.1.bed,,,,,
mPanPan1_verkko_model2_hprcGQ_GIAB_conf,GIAB_conf,/private/groups/patenlab/mira/t2t_primates_polishing/assemblies/applyPolish/mPanPan1_verkko_model2_hprcGQ/analysis/applyPolish_outputs/mPanPan1_verkko_model2_hprcGQ_hap1.polished.fasta,/private/groups/patenlab/mira/t2t_primates_polishing/assemblies/applyPolish/mPanPan1_verkko_model2_hprcGQ/analysis/applyPolish_outputs/mPanPan1_verkko_model2_hprcGQ_hap2.polished.fasta,/private/groups/patenlab/mira/t2t_primates_polishing/assemblies/applyPolish/mPanPan1_verkko_model2_hprcGQ/analysis/applyPolish_outputs/mPanPan1_verkko_model2_hprcGQ_dip.polished.fasta.fai,/private/groups/patenlab/mira/hprc_polishing/polisher_evaluation/Merqury_stratifications/subtract_dropout_from_GIAB/diploid_beds/mPanPan1_verkko_model2_hprcGQ_dip.HG002_intersect_HG005_GIAB_v4.2.1.projection.bed,/private/groups/patenlab/mira/t2t_primates_polishing/hprc_polishing_QC/mPanPan1_verkko_model2/analysis/hprc_polishing_QC_outputs/mPanPan1_verkko_model2.meryl.tar,/private/groups/hprc/ref_files/giab/HG002_intersect_HG005_GIAB_v4.2.1.bed,,,,,
mPanTro3_verkko_model2_hprcGQ_GIAB_conf,GIAB_conf,/private/groups/patenlab/mira/t2t_primates_polishing/assemblies/applyPolish/mPanTro3_verkko_model2_hprcGQ/analysis/applyPolish_outputs/mPanTro3_verkko_model2_hprcGQ_hap1.polished.fasta,/private/groups/patenlab/mira/t2t_primates_polishing/assemblies/applyPolish/mPanTro3_verkko_model2_hprcGQ/analysis/applyPolish_outputs/mPanTro3_verkko_model2_hprcGQ_hap2.polished.fasta,/private/groups/patenlab/mira/t2t_primates_polishing/assemblies/applyPolish/mPanTro3_verkko_model2_hprcGQ/analysis/applyPolish_outputs/mPanTro3_verkko_model2_hprcGQ_dip.polished.fasta.fai,/private/groups/patenlab/mira/hprc_polishing/polisher_evaluation/Merqury_stratifications/subtract_dropout_from_GIAB/diploid_beds/mPanTro3_verkko_model2_hprcGQ_dip.HG002_intersect_HG005_GIAB_v4.2.1.projection.bed,/private/groups/patenlab/mira/t2t_primates_polishing/hprc_polishing_QC/mPanTro3_verkko_model2/analysis/hprc_polishing_QC_outputs/mPanTro3_verkko_model2.meryl.tar,/private/groups/hprc/ref_files/giab/HG002_intersect_HG005_GIAB_v4.2.1.bed,,,,,
mPonAbe1_verkko_model2_hprcGQ_GIAB_conf,GIAB_conf,/private/groups/patenlab/mira/t2t_primates_polishing/assemblies/applyPolish/mPonAbe1_verkko_model2_hprcGQ/analysis/applyPolish_outputs/mPonAbe1_verkko_model2_hprcGQ_hap1.polished.fasta,/private/groups/patenlab/mira/t2t_primates_polishing/assemblies/applyPolish/mPonAbe1_verkko_model2_hprcGQ/analysis/applyPolish_outputs/mPonAbe1_verkko_model2_hprcGQ_hap2.polished.fasta,/private/groups/patenlab/mira/t2t_primates_polishing/assemblies/applyPolish/mPonAbe1_verkko_model2_hprcGQ/analysis/applyPolish_outputs/mPonAbe1_verkko_model2_hprcGQ_dip.polished.fasta.fai,/private/groups/patenlab/mira/hprc_polishing/polisher_evaluation/Merqury_stratifications/subtract_dropout_from_GIAB/diploid_beds/mPonAbe1_verkko_model2_hprcGQ_dip.HG002_intersect_HG005_GIAB_v4.2.1.projection.bed,/private/groups/patenlab/mira/t2t_primates_polishing/hprc_polishing_QC/mPonAbe1_verkko_model2/analysis/hprc_polishing_QC_outputs/mPonAbe1_verkko_model2.meryl.tar,/private/groups/hprc/ref_files/giab/HG002_intersect_HG005_GIAB_v4.2.1.bed,,,,,
mPonPyg2_verkko_model2_hprcGQ_GIAB_conf,GIAB_conf,/private/groups/patenlab/mira/t2t_primates_polishing/assemblies/applyPolish/mPonPyg2_verkko_model2_hprcGQ/analysis/applyPolish_outputs/mPonPyg2_verkko_model2_hprcGQ_hap1.polished.fasta,/private/groups/patenlab/mira/t2t_primates_polishing/assemblies/applyPolish/mPonPyg2_verkko_model2_hprcGQ/analysis/applyPolish_outputs/mPonPyg2_verkko_model2_hprcGQ_hap2.polished.fasta,/private/groups/patenlab/mira/t2t_primates_polishing/assemblies/applyPolish/mPonPyg2_verkko_model2_hprcGQ/analysis/applyPolish_outputs/mPonPyg2_verkko_model2_hprcGQ_dip.polished.fasta.fai,/private/groups/patenlab/mira/hprc_polishing/polisher_evaluation/Merqury_stratifications/subtract_dropout_from_GIAB/diploid_beds/mPonPyg2_verkko_model2_hprcGQ_dip.HG002_intersect_HG005_GIAB_v4.2.1.projection.bed,/private/groups/patenlab/mira/t2t_primates_polishing/hprc_polishing_QC/mPonPyg2_verkko_model2/analysis/hprc_polishing_QC_outputs/mPonPyg2_verkko_model2.meryl.tar,/private/groups/hprc/ref_files/giab/HG002_intersect_HG005_GIAB_v4.2.1.bed,,,,,
mSymSyn1_verkko_model2_hprcGQ_GIAB_conf,GIAB_conf,/private/groups/patenlab/mira/t2t_primates_polishing/assemblies/applyPolish/mSymSyn1_verkko_model2_hprcGQ/analysis/applyPolish_outputs/mSymSyn1_verkko_model2_hprcGQ_hap1.polished.fasta,/private/groups/patenlab/mira/t2t_primates_polishing/assemblies/applyPolish/mSymSyn1_verkko_model2_hprcGQ/analysis/applyPolish_outputs/mSymSyn1_verkko_model2_hprcGQ_hap2.polished.fasta,/private/groups/patenlab/mira/t2t_primates_polishing/assemblies/applyPolish/mSymSyn1_verkko_model2_hprcGQ/analysis/applyPolish_outputs/mSymSyn1_verkko_model2_hprcGQ_dip.polished.fasta.fai,/private/groups/patenlab/mira/hprc_polishing/polisher_evaluation/Merqury_stratifications/subtract_dropout_from_GIAB/diploid_beds/mSymSyn1_verkko_model2_hprcGQ_dip.HG002_intersect_HG005_GIAB_v4.2.1.projection.bed,/private/groups/patenlab/mira/t2t_primates_polishing/hprc_polishing_QC/mSymSyn1_verkko_model2/analysis/hprc_polishing_QC_outputs/mSymSyn1_verkko_model2.meryl.tar,/private/groups/hprc/ref_files/giab/HG002_intersect_HG005_GIAB_v4.2.1.bed,,,,,
HG00738_verkko_model2_GQ34,GIAB_conf_mapq1_5x,/private/groups/patenlab/mira/hprc_polishing/data/HPRC_int_asm/dip_fastas/verkko_model2_GQ34_polished/HG00738_verkko_model2.GQ34_DP_polished.Hap1.fasta,/private/groups/patenlab/mira/hprc_polishing/data/HPRC_int_asm/dip_fastas/verkko_model2_GQ34_polished/HG00738_verkko_model2.GQ34_DP_polished.Hap2.fasta,/private/groups/patenlab/mira/hprc_polishing/data/HPRC_int_asm/dip_fastas/verkko_model2_GQ34_polished/HG00738_verkko_model2.GQ34_DP_polished.dip.fasta.fai,/private/groups/patenlab/mira/hprc_polishing/polisher_evaluation/Merqury_stratifications/subtract_dropout_from_GIAB/QV_beds/HG00738_GQ34_dip.GIAB_conf_projection.gtMAPQ1_5x.bed,/private/groups/patenlab/mira/hprc_polishing/hprc_int_asm/HPRC_verkko_model2/hprc_polishing_QC/HG00738_verkko_model2/analysis/hprc_polishing_QC_outputs/HG00738_verkko_model2.meryl.tar,/private/groups/hprc/ref_files/giab/HG002_intersect_HG005_GIAB_v4.2.1.bed,/private/groups/patenlab/mira/hprc_polishing/hprc_int_asm/HPRC_verkko_model2/mosdepth/HG00738_mosdepth_quantized.quant.lt5x_cov.bed,/private/groups/patenlab/mira/hprc_polishing/polisher_evaluation/Merqury_stratifications/align_asm_project_blocks/HG00738_verkko_model2_GQ34/analysis/align_asm_project_blocks_outputs/HG00738_verkko_model2.GQ34_DP_polished.asmToRefHap1_HG002_intersect_HG005_GIAB_v4.2.1.projection.bed,/private/groups/patenlab/mira/hprc_polishing/polisher_evaluation/Merqury_stratifications/align_asm_project_blocks/HG00738_verkko_model2_GQ34/analysis/align_asm_project_blocks_outputs/HG00738_verkko_model2.GQ34_DP_polished.asmToRefHap2_HG002_intersect_HG005_GIAB_v4.2.1.projection.bed,,
HG01099_verkko_model2_GQ34,GIAB_conf_mapq1_5x,/private/groups/patenlab/mira/hprc_polishing/data/HPRC_int_asm/dip_fastas/verkko_model2_GQ34_polished/HG01099_verkko_model2.GQ34_DP_polished.Hap1.fasta,/private/groups/patenlab/mira/hprc_polishing/data/HPRC_int_asm/dip_fastas/verkko_model2_GQ34_polished/HG01099_verkko_model2.GQ34_DP_polished.Hap2.fasta,/private/groups/patenlab/mira/hprc_polishing/data/HPRC_int_asm/dip_fastas/verkko_model2_GQ34_polished/HG01099_verkko_model2.GQ34_DP_polished.dip.fasta.fai,/private/groups/patenlab/mira/hprc_polishing/polisher_evaluation/Merqury_stratifications/subtract_dropout_from_GIAB/QV_beds/HG01099_GQ34_dip.GIAB_conf_projection.gtMAPQ1_5x.bed,/private/groups/patenlab/mira/hprc_polishing/hprc_int_asm/HPRC_verkko_model2/hprc_polishing_QC/HG01099_verkko_model2/analysis/hprc_polishing_QC_outputs/HG01099_verkko_model2.meryl.tar,/private/groups/hprc/ref_files/giab/HG002_intersect_HG005_GIAB_v4.2.1.bed,/private/groups/patenlab/mira/hprc_polishing/hprc_int_asm/HPRC_verkko_model2/mosdepth/HG01099_mosdepth_quantized.quant.lt5x_cov.bed,/private/groups/patenlab/mira/hprc_polishing/polisher_evaluation/Merqury_stratifications/align_asm_project_blocks/HG01099_verkko_model2_GQ34/analysis/align_asm_project_blocks_outputs/HG01099_verkko_model2.GQ34_DP_polished.asmToRefHap1_HG002_intersect_HG005_GIAB_v4.2.1.projection.bed,/private/groups/patenlab/mira/hprc_polishing/polisher_evaluation/Merqury_stratifications/align_asm_project_blocks/HG01099_verkko_model2_GQ34/analysis/align_asm_project_blocks_outputs/HG01099_verkko_model2.GQ34_DP_polished.asmToRefHap2_HG002_intersect_HG005_GIAB_v4.2.1.projection.bed,,
HG01255_verkko_model2_GQ34,GIAB_conf_mapq1_5x,/private/groups/patenlab/mira/hprc_polishing/data/HPRC_int_asm/dip_fastas/verkko_model2_GQ34_polished/HG01255_verkko_model2.GQ34_DP_polished.Hap1.fasta,/private/groups/patenlab/mira/hprc_polishing/data/HPRC_int_asm/dip_fastas/verkko_model2_GQ34_polished/HG01255_verkko_model2.GQ34_DP_polished.Hap2.fasta,/private/groups/patenlab/mira/hprc_polishing/data/HPRC_int_asm/dip_fastas/verkko_model2_GQ34_polished/HG01255_verkko_model2.GQ34_DP_polished.dip.fasta.fai,/private/groups/patenlab/mira/hprc_polishing/polisher_evaluation/Merqury_stratifications/subtract_dropout_from_GIAB/QV_beds/HG01255_GQ34_dip.GIAB_conf_projection.gtMAPQ1_5x.bed,/private/groups/patenlab/mira/hprc_polishing/hprc_int_asm/HPRC_verkko_model2/hprc_polishing_QC/HG01255_verkko_model2/analysis/hprc_polishing_QC_outputs/HG01255_verkko_model2.meryl.tar,/private/groups/hprc/ref_files/giab/HG002_intersect_HG005_GIAB_v4.2.1.bed,/private/groups/patenlab/mira/hprc_polishing/hprc_int_asm/HPRC_verkko_model2/mosdepth/HG01255_mosdepth_quantized.quant.lt5x_cov.bed,/private/groups/patenlab/mira/hprc_polishing/polisher_evaluation/Merqury_stratifications/align_asm_project_blocks/HG01255_verkko_model2_GQ34/analysis/align_asm_project_blocks_outputs/HG01255_verkko_model2.GQ34_DP_polished.asmToRefHap1_HG002_intersect_HG005_GIAB_v4.2.1.projection.bed,/private/groups/patenlab/mira/hprc_polishing/polisher_evaluation/Merqury_stratifications/align_asm_project_blocks/HG01255_verkko_model2_GQ34/analysis/align_asm_project_blocks_outputs/HG01255_verkko_model2.GQ34_DP_polished.asmToRefHap2_HG002_intersect_HG005_GIAB_v4.2.1.projection.bed,,
HG01884_verkko_model2_GQ34,GIAB_conf_mapq1_5x,/private/groups/patenlab/mira/hprc_polishing/data/HPRC_int_asm/dip_fastas/verkko_model2_GQ34_polished/HG01884_verkko_model2.GQ34_DP_polished.Hap1.fasta,/private/groups/patenlab/mira/hprc_polishing/data/HPRC_int_asm/dip_fastas/verkko_model2_GQ34_polished/HG01884_verkko_model2.GQ34_DP_polished.Hap2.fasta,/private/groups/patenlab/mira/hprc_polishing/data/HPRC_int_asm/dip_fastas/verkko_model2_GQ34_polished/HG01884_verkko_model2.GQ34_DP_polished.dip.fasta.fai,/private/groups/patenlab/mira/hprc_polishing/polisher_evaluation/Merqury_stratifications/subtract_dropout_from_GIAB/QV_beds/HG01884_GQ34_dip.GIAB_conf_projection.gtMAPQ1_5x.bed,/private/groups/patenlab/mira/hprc_polishing/hprc_int_asm/HPRC_verkko_model2/hprc_polishing_QC/HG01884_verkko_model2/analysis/hprc_polishing_QC_outputs/HG01884_verkko_model2.meryl.tar,/private/groups/hprc/ref_files/giab/HG002_intersect_HG005_GIAB_v4.2.1.bed,/private/groups/patenlab/mira/hprc_polishing/hprc_int_asm/HPRC_verkko_model2/mosdepth/HG01884_mosdepth_quantized.quant.lt5x_cov.bed,/private/groups/patenlab/mira/hprc_polishing/polisher_evaluation/Merqury_stratifications/align_asm_project_blocks/HG01884_verkko_model2_GQ34/analysis/align_asm_project_blocks_outputs/HG01884_verkko_model2.GQ34_DP_polished.asmToRefHap1_HG002_intersect_HG005_GIAB_v4.2.1.projection.bed,/private/groups/patenlab/mira/hprc_polishing/polisher_evaluation/Merqury_stratifications/align_asm_project_blocks/HG01884_verkko_model2_GQ34/analysis/align_asm_project_blocks_outputs/HG01884_verkko_model2.GQ34_DP_polished.asmToRefHap2_HG002_intersect_HG005_GIAB_v4.2.1.projection.bed,,
HG01981_verkko_model2_GQ34,GIAB_conf_mapq1_5x,/private/groups/patenlab/mira/hprc_polishing/data/HPRC_int_asm/dip_fastas/verkko_model2_GQ34_polished/HG01981_verkko_model2.GQ34_DP_polished.Hap1.fasta,/private/groups/patenlab/mira/hprc_polishing/data/HPRC_int_asm/dip_fastas/verkko_model2_GQ34_polished/HG01981_verkko_model2.GQ34_DP_polished.Hap2.fasta,/private/groups/patenlab/mira/hprc_polishing/data/HPRC_int_asm/dip_fastas/verkko_model2_GQ34_polished/HG01981_verkko_model2.GQ34_DP_polished.dip.fasta.fai,/private/groups/patenlab/mira/hprc_polishing/polisher_evaluation/Merqury_stratifications/subtract_dropout_from_GIAB/QV_beds/HG01981_GQ34_dip.GIAB_conf_projection.gtMAPQ1_5x.bed,/private/groups/patenlab/mira/hprc_polishing/hprc_int_asm/HPRC_verkko_model2/hprc_polishing_QC/HG01981_verkko_model2/analysis/hprc_polishing_QC_outputs/HG01981_verkko_model2.meryl.tar,/private/groups/hprc/ref_files/giab/HG002_intersect_HG005_GIAB_v4.2.1.bed,/private/groups/patenlab/mira/hprc_polishing/hprc_int_asm/HPRC_verkko_model2/mosdepth/HG01981_mosdepth_quantized.quant.lt5x_cov.bed,/private/groups/patenlab/mira/hprc_polishing/polisher_evaluation/Merqury_stratifications/align_asm_project_blocks/HG01981_verkko_model2_GQ34/analysis/align_asm_project_blocks_outputs/HG01981_verkko_model2.GQ34_DP_polished.asmToRefHap1_HG002_intersect_HG005_GIAB_v4.2.1.projection.bed,/private/groups/patenlab/mira/hprc_polishing/polisher_evaluation/Merqury_stratifications/align_asm_project_blocks/HG01981_verkko_model2_GQ34/analysis/align_asm_project_blocks_outputs/HG01981_verkko_model2.GQ34_DP_polished.asmToRefHap2_HG002_intersect_HG005_GIAB_v4.2.1.projection.bed,,
mGorGor1_60x,GIAB_conf_mapq1_5x,/private/groups/patenlab/mira/t2t_primates_polishing/hprc_DeepPolisher/mGorGor1_60x/analysis/hprc_DeepPolisher_outputs/mGorGor1_60x_Hap1.polished.fasta,/private/groups/patenlab/mira/t2t_primates_polishing/hprc_DeepPolisher/mGorGor1_60x/analysis/hprc_DeepPolisher_outputs/mGorGor1_60x_Hap2.polished.fasta,/private/groups/patenlab/mira/t2t_primates_polishing/hprc_DeepPolisher/mGorGor1_60x/analysis/hprc_DeepPolisher_outputs/mGorGor1_60x.dip.polished.fasta.fai,,/private/groups/patenlab/mira/t2t_primates_polishing/hprc_polishing_QC/mGorGor1_verkko_model2/analysis/hprc_polishing_QC_outputs/mGorGor1_verkko_model2.meryl.tar,/private/groups/hprc/ref_files/giab/HG002_intersect_HG005_GIAB_v4.2.1.bed,/private/groups/patenlab/mira/t2t_primates_polishing/hprc_DeepPolisher/mosdepth_60x/mGorGor1_mosdepth_quantized.quant.lt5x_cov.gt100bp.MAPQ1.bed,/private/groups/patenlab/mira/hprc_polishing/polisher_evaluation/Merqury_stratifications/align_asm_project_blocks/mGorGor1_60x/analysis/align_asm_project_blocks_outputs/mGorGor1_60x_Hap1.asmToRefHap1_HG002_intersect_HG005_GIAB_v4.2.1.projection.bed,/private/groups/patenlab/mira/hprc_polishing/polisher_evaluation/Merqury_stratifications/align_asm_project_blocks/mGorGor1_60x/analysis/align_asm_project_blocks_outputs/mGorGor1_60x_Hap2.asmToRefHap2_HG002_intersect_HG005_GIAB_v4.2.1.projection.bed,,
mPanPan1_60x,GIAB_conf_mapq1_5x,,,,,/private/groups/patenlab/mira/t2t_primates_polishing/hprc_polishing_QC/mPanPan1_verkko_model2/analysis/hprc_polishing_QC_outputs/mPanPan1_verkko_model2.meryl.tar,/private/groups/hprc/ref_files/giab/HG002_intersect_HG005_GIAB_v4.2.1.bed,,,,,
mPanTro3_60x,GIAB_conf_mapq1_5x,/private/groups/patenlab/mira/t2t_primates_polishing/hprc_DeepPolisher/mPanTro3_60x/analysis/hprc_DeepPolisher_outputs/mPanTro3_60x_Hap1.polished.fasta,/private/groups/patenlab/mira/t2t_primates_polishing/hprc_DeepPolisher/mPanTro3_60x/analysis/hprc_DeepPolisher_outputs/mPanTro3_60x_Hap2.polished.fasta,/private/groups/patenlab/mira/t2t_primates_polishing/hprc_DeepPolisher/mPanTro3_60x/analysis/hprc_DeepPolisher_outputs/mPanTro3_60x.dip.polished.fasta.fai,,/private/groups/patenlab/mira/t2t_primates_polishing/hprc_polishing_QC/mPanTro3_verkko_model2/analysis/hprc_polishing_QC_outputs/mPanTro3_verkko_model2.meryl.tar,/private/groups/hprc/ref_files/giab/HG002_intersect_HG005_GIAB_v4.2.1.bed,/private/groups/patenlab/mira/t2t_primates_polishing/hprc_DeepPolisher/mosdepth_60x/mPanTro3_mosdepth_quantized.quant.lt5x_cov.gt100bp.MAPQ1.bed,/private/groups/patenlab/mira/hprc_polishing/polisher_evaluation/Merqury_stratifications/align_asm_project_blocks/mPanTro3_60x/analysis/align_asm_project_blocks_outputs/mPanTro3_60x_Hap1.asmToRefHap1_HG002_intersect_HG005_GIAB_v4.2.1.projection.bed,/private/groups/patenlab/mira/hprc_polishing/polisher_evaluation/Merqury_stratifications/align_asm_project_blocks/mPanTro3_60x/analysis/align_asm_project_blocks_outputs/mPanTro3_60x_Hap2.asmToRefHap2_HG002_intersect_HG005_GIAB_v4.2.1.projection.bed,,
mPonAbe1_60x,GIAB_conf_mapq1_5x,/private/groups/patenlab/mira/t2t_primates_polishing/hprc_DeepPolisher/mPonAbe1_60x/analysis/hprc_DeepPolisher_outputs/mPonAbe1_60x_Hap1.polished.fasta,/private/groups/patenlab/mira/t2t_primates_polishing/hprc_DeepPolisher/mPonAbe1_60x/analysis/hprc_DeepPolisher_outputs/mPonAbe1_60x_Hap2.polished.fasta,/private/groups/patenlab/mira/t2t_primates_polishing/hprc_DeepPolisher/mPonAbe1_60x/analysis/hprc_DeepPolisher_outputs/mPonAbe1_60x.dip.polished.fasta.fai,,/private/groups/patenlab/mira/t2t_primates_polishing/hprc_polishing_QC/mPonAbe1_verkko_model2/analysis/hprc_polishing_QC_outputs/mPonAbe1_verkko_model2.meryl.tar,/private/groups/hprc/ref_files/giab/HG002_intersect_HG005_GIAB_v4.2.1.bed,/private/groups/patenlab/mira/t2t_primates_polishing/hprc_DeepPolisher/mosdepth_60x/mPonAbe1_mosdepth_quantized.quant.lt5x_cov.gt100bp.MAPQ1.bed,,,,
mPonPyg2_60x,GIAB_conf_mapq1_5x,/private/groups/patenlab/mira/t2t_primates_polishing/hprc_DeepPolisher/mPonPyg2_60x/analysis/hprc_DeepPolisher_outputs/mPonPyg2_60x_Hap1.polished.fasta,/private/groups/patenlab/mira/t2t_primates_polishing/hprc_DeepPolisher/mPonPyg2_60x/analysis/hprc_DeepPolisher_outputs/mPonPyg2_60x_Hap2.polished.fasta,/private/groups/patenlab/mira/t2t_primates_polishing/hprc_DeepPolisher/mPonPyg2_60x/analysis/hprc_DeepPolisher_outputs/mPonPyg2_60x.dip.polished.fasta.fai,,/private/groups/patenlab/mira/t2t_primates_polishing/hprc_polishing_QC/mPonPyg2_verkko_model2/analysis/hprc_polishing_QC_outputs/mPonPyg2_verkko_model2.meryl.tar,/private/groups/hprc/ref_files/giab/HG002_intersect_HG005_GIAB_v4.2.1.bed,/private/groups/patenlab/mira/t2t_primates_polishing/hprc_DeepPolisher/mosdepth_60x/mPonPyg2_mosdepth_quantized.quant.lt5x_cov.gt100bp.MAPQ1.bed,,,,
mSymSyn1_60x,GIAB_conf_mapq1_5x,/private/groups/patenlab/mira/t2t_primates_polishing/hprc_DeepPolisher/mSymSyn1_60x/analysis/hprc_DeepPolisher_outputs/mSymSyn1_60x_Hap1.polished.fasta,/private/groups/patenlab/mira/t2t_primates_polishing/hprc_DeepPolisher/mSymSyn1_60x/analysis/hprc_DeepPolisher_outputs/mSymSyn1_60x_Hap2.polished.fasta,/private/groups/patenlab/mira/t2t_primates_polishing/hprc_DeepPolisher/mSymSyn1_60x/analysis/hprc_DeepPolisher_outputs/mSymSyn1_60x.dip.polished.fasta.fai,,/private/groups/patenlab/mira/t2t_primates_polishing/hprc_polishing_QC/mSymSyn1_verkko_model2/analysis/hprc_polishing_QC_outputs/mSymSyn1_verkko_model2.meryl.tar,/private/groups/hprc/ref_files/giab/HG002_intersect_HG005_GIAB_v4.2.1.bed,/private/groups/patenlab/mira/t2t_primates_polishing/hprc_DeepPolisher/mosdepth_60x/mSymSyn1_mosdepth_quantized.quant.lt5x_cov.gt100bp.MAPQ1.bed,,,,
HG00738_verkko_raw,GIAB_conf_mapq1_5x,/private/groups/hprc/verkko/batch1/HG00738/verkko/hic_asm/HG00738_verkko_trio+hic.hap1.fasta.gz,/private/groups/hprc/verkko/batch1/HG00738/verkko/hic_asm/HG00738_verkko_trio+hic.hap2.fasta.gz,/private/groups/patenlab/mira/hprc_polishing/data/HPRC_int_asm/dip_fastas/verkko/HG00738_verkko_trio+hic.dip.fasta,/private/groups/patenlab/mira/hprc_polishing/polisher_evaluation/Merqury_stratifications/subtract_dropout_from_GIAB/QV_beds/HG00738_verkko_raw.GIAB_conf_projection.gtMAPQ1_5x.bed,/private/groups/patenlab/mira/hprc_polishing/hprc_int_asm/HPRC_verkko_model2/hprc_polishing_QC/HG00738_verkko_model2/analysis/hprc_polishing_QC_outputs/HG00738_verkko_model2.meryl.tar,/private/groups/hprc/ref_files/giab/HG002_intersect_HG005_GIAB_v4.2.1.bed,/private/groups/patenlab/mira/hprc_polishing/hprc_int_asm/HPRC_verkko_model2/mosdepth/HG00738_mosdepth_quantized.quant.lt5x_cov.bed,/private/groups/patenlab/mira/hprc_polishing/polisher_evaluation/Merqury_stratifications/align_asm_project_blocks/HG00738_verkko_raw/analysis/align_asm_project_blocks_outputs/HG00738_verkko_trio+hic.hap1.asmToRefHap1_HG002_intersect_HG005_GIAB_v4.2.1.projection.bed,/private/groups/patenlab/mira/hprc_polishing/polisher_evaluation/Merqury_stratifications/align_asm_project_blocks/HG00738_verkko_raw/analysis/align_asm_project_blocks_outputs/HG00738_verkko_trio+hic.hap2.asmToRefHap2_HG002_intersect_HG005_GIAB_v4.2.1.projection.bed,,
HG01099_verkko_raw,GIAB_conf_mapq1_5x,/private/groups/hprc/verkko/batch1/HG01099/verkko/hic_asm/HG01099_verkko_trio+hic.hap1.fasta.gz,/private/groups/hprc/verkko/batch1/HG01099/verkko/hic_asm/HG01099_verkko_trio+hic.hap2.fasta.gz,/private/groups/patenlab/mira/hprc_polishing/data/HPRC_int_asm/dip_fastas/verkko/HG01099_verkko_trio+hic.dip.fasta,/private/groups/patenlab/mira/hprc_polishing/polisher_evaluation/Merqury_stratifications/subtract_dropout_from_GIAB/QV_beds/HG01099_verkko_raw.GIAB_conf_projection.gtMAPQ1_5x.bed,/private/groups/patenlab/mira/hprc_polishing/hprc_int_asm/HPRC_verkko_model2/hprc_polishing_QC/HG01099_verkko_model2/analysis/hprc_polishing_QC_outputs/HG01099_verkko_model2.meryl.tar,/private/groups/hprc/ref_files/giab/HG002_intersect_HG005_GIAB_v4.2.1.bed,/private/groups/patenlab/mira/hprc_polishing/hprc_int_asm/HPRC_verkko_model2/mosdepth/HG01099_mosdepth_quantized.quant.lt5x_cov.bed,/private/groups/patenlab/mira/hprc_polishing/polisher_evaluation/Merqury_stratifications/align_asm_project_blocks/HG01099_verkko_raw/analysis/align_asm_project_blocks_outputs/HG01099_verkko_trio+hic.hap1.asmToRefHap1_HG002_intersect_HG005_GIAB_v4.2.1.projection.bed,/private/groups/patenlab/mira/hprc_polishing/polisher_evaluation/Merqury_stratifications/align_asm_project_blocks/HG01099_verkko_raw/analysis/align_asm_project_blocks_outputs/HG01099_verkko_trio+hic.hap2.asmToRefHap2_HG002_intersect_HG005_GIAB_v4.2.1.projection.bed,,
HG01255_verkko_raw,GIAB_conf_mapq1_5x,/private/groups/hprc/verkko/batch1/HG01255/verkko/hic_asm/HG01255_verkko_trio+hic.hap1.fasta.gz,/private/groups/hprc/verkko/batch1/HG01255/verkko/hic_asm/HG01255_verkko_trio+hic.hap2.fasta.gz,/private/groups/patenlab/mira/hprc_polishing/data/HPRC_int_asm/dip_fastas/verkko/HG01255_verkko_trio+hic.dip.fasta,/private/groups/patenlab/mira/hprc_polishing/polisher_evaluation/Merqury_stratifications/subtract_dropout_from_GIAB/QV_beds/HG01255_verkko_raw.GIAB_conf_projection.gtMAPQ1_5x.bed,/private/groups/patenlab/mira/hprc_polishing/hprc_int_asm/HPRC_verkko_model2/hprc_polishing_QC/HG01255_verkko_model2/analysis/hprc_polishing_QC_outputs/HG01255_verkko_model2.meryl.tar,/private/groups/hprc/ref_files/giab/HG002_intersect_HG005_GIAB_v4.2.1.bed,/private/groups/patenlab/mira/hprc_polishing/hprc_int_asm/HPRC_verkko_model2/mosdepth/HG01255_mosdepth_quantized.quant.lt5x_cov.bed,/private/groups/patenlab/mira/hprc_polishing/polisher_evaluation/Merqury_stratifications/align_asm_project_blocks/HG01255_verkko_raw/analysis/align_asm_project_blocks_outputs/HG01255_verkko_trio+hic.hap1.asmToRefHap1_HG002_intersect_HG005_GIAB_v4.2.1.projection.bed,/private/groups/patenlab/mira/hprc_polishing/polisher_evaluation/Merqury_stratifications/align_asm_project_blocks/HG01255_verkko_raw/analysis/align_asm_project_blocks_outputs/HG01255_verkko_trio+hic.hap2.asmToRefHap2_HG002_intersect_HG005_GIAB_v4.2.1.projection.bed,,
HG01884_verkko_raw,GIAB_conf_mapq1_5x,/private/groups/hprc/verkko/batch1/HG01884/verkko/hic_asm/HG01884_verkko_trio+hic.hap1.fasta.gz,/private/groups/hprc/verkko/batch1/HG01884/verkko/hic_asm/HG01884_verkko_trio+hic.hap2.fasta.gz,/private/groups/patenlab/mira/hprc_polishing/data/HPRC_int_asm/dip_fastas/verkko/HG01884_verkko_trio+hic.dip.fasta,/private/groups/patenlab/mira/hprc_polishing/polisher_evaluation/Merqury_stratifications/subtract_dropout_from_GIAB/QV_beds/HG01884_verkko_raw.GIAB_conf_projection.gtMAPQ1_5x.bed,/private/groups/patenlab/mira/hprc_polishing/hprc_int_asm/HPRC_verkko_model2/hprc_polishing_QC/HG01884_verkko_model2/analysis/hprc_polishing_QC_outputs/HG01884_verkko_model2.meryl.tar,/private/groups/hprc/ref_files/giab/HG002_intersect_HG005_GIAB_v4.2.1.bed,/private/groups/patenlab/mira/hprc_polishing/hprc_int_asm/HPRC_verkko_model2/mosdepth/HG01884_mosdepth_quantized.quant.lt5x_cov.bed,/private/groups/patenlab/mira/hprc_polishing/polisher_evaluation/Merqury_stratifications/align_asm_project_blocks/HG01884_verkko_raw/analysis/align_asm_project_blocks_outputs/HG01884_verkko_trio+hic.hap1.asmToRefHap1_HG002_intersect_HG005_GIAB_v4.2.1.projection.bed,/private/groups/patenlab/mira/hprc_polishing/polisher_evaluation/Merqury_stratifications/align_asm_project_blocks/HG01884_verkko_raw/analysis/align_asm_project_blocks_outputs/HG01884_verkko_trio+hic.hap2.asmToRefHap2_HG002_intersect_HG005_GIAB_v4.2.1.projection.bed,,
HG01981_verkko_raw,GIAB_conf_mapq1_5x,/private/groups/hprc/verkko/batch1/HG01981/verkko/hic_asm/HG01981_verkko_trio+hic.hap1.fasta.gz,/private/groups/hprc/verkko/batch1/HG01981/verkko/hic_asm/HG01981_verkko_trio+hic.hap2.fasta.gz,/private/groups/patenlab/mira/hprc_polishing/data/HPRC_int_asm/dip_fastas/verkko/HG01981_verkko_trio+hic.dip.fasta,/private/groups/patenlab/mira/hprc_polishing/polisher_evaluation/Merqury_stratifications/subtract_dropout_from_GIAB/QV_beds/HG01981_verkko_raw.GIAB_conf_projection.gtMAPQ1_5x.bed,/private/groups/patenlab/mira/hprc_polishing/hprc_int_asm/HPRC_verkko_model2/hprc_polishing_QC/HG01981_verkko_model2/analysis/hprc_polishing_QC_outputs/HG01981_verkko_model2.meryl.tar,/private/groups/hprc/ref_files/giab/HG002_intersect_HG005_GIAB_v4.2.1.bed,/private/groups/patenlab/mira/hprc_polishing/hprc_int_asm/HPRC_verkko_model2/mosdepth/HG01981_mosdepth_quantized.quant.lt5x_cov.bed,/private/groups/patenlab/mira/hprc_polishing/polisher_evaluation/Merqury_stratifications/align_asm_project_blocks/HG01981_verkko_raw/analysis/align_asm_project_blocks_outputs/HG01981_verkko_trio+hic.hap1.asmToRefHap1_HG002_intersect_HG005_GIAB_v4.2.1.projection.bed,/private/groups/patenlab/mira/hprc_polishing/polisher_evaluation/Merqury_stratifications/align_asm_project_blocks/HG01981_verkko_raw/analysis/align_asm_project_blocks_outputs/HG01981_verkko_trio+hic.hap2.asmToRefHap2_HG002_intersect_HG005_GIAB_v4.2.1.projection.bed,,