sample_id,child_ilmn,hifi
HG02027,s3://human-pangenomics/submissions/325b4b1c-9f20-49be-b03a-596da89c466e--1000G_CHILDREN/HG02027/1000G_data/HG02027.final.cram,"['s3://human-pangenomics/submissions/02355F32-E75A-4279-A7B8-FCCEA70FB6CD--DEEPCONSENSUS_v1pt2/HG02027/raw_data/PacBio_HiFi/deepconsensus/v1pt2/HG02027.m64136_210205_190622.dc.q20.fastq.gz', 's3://human-pangenomics/submissions/02355F32-E75A-4279-A7B8-FCCEA70FB6CD--DEEPCONSENSUS_v1pt2/HG02027/raw_data/PacBio_HiFi/deepconsensus/v1pt2/HG02027.m64136_210207_012053.dc.q20.fastq.gz', 's3://human-pangenomics/submissions/02355F32-E75A-4279-A7B8-FCCEA70FB6CD--DEEPCONSENSUS_v1pt2/HG02027/raw_data/PacBio_HiFi/deepconsensus/v1pt2/HG02027.m64136_210209_184241.dc.q20.fastq.gz', 's3://human-pangenomics/submissions/02355F32-E75A-4279-A7B8-FCCEA70FB6CD--DEEPCONSENSUS_v1pt2/HG02027/raw_data/PacBio_HiFi/deepconsensus/v1pt2/HG02027.m64136_210211_010151.dc.q20.fastq.gz']"
HG02083,s3://human-pangenomics/submissions/325b4b1c-9f20-49be-b03a-596da89c466e--1000G_CHILDREN/HG02083/1000G_data/HG02083.final.cram,"['s3://human-pangenomics/submissions/02355F32-E75A-4279-A7B8-FCCEA70FB6CD--DEEPCONSENSUS_v1pt2/HG02083/raw_data/PacBio_HiFi/deepconsensus/v1pt2/HG02083.m64136_210317_200525.dc.q20.fastq.gz', 's3://human-pangenomics/submissions/02355F32-E75A-4279-A7B8-FCCEA70FB6CD--DEEPCONSENSUS_v1pt2/HG02083/raw_data/PacBio_HiFi/deepconsensus/v1pt2/HG02083.m64136_210319_191015.dc.q20.fastq.gz', 's3://human-pangenomics/submissions/02355F32-E75A-4279-A7B8-FCCEA70FB6CD--DEEPCONSENSUS_v1pt2/HG02083/raw_data/PacBio_HiFi/deepconsensus/v1pt2/HG02083.m64136_210321_022417.dc.q20.fastq.gz', 's3://human-pangenomics/submissions/02355F32-E75A-4279-A7B8-FCCEA70FB6CD--DEEPCONSENSUS_v1pt2/HG02083/raw_data/PacBio_HiFi/deepconsensus/v1pt2/HG02083.m64136_210323_162524.dc.q20.fastq.gz']"
HG02523,s3://human-pangenomics/submissions/325b4b1c-9f20-49be-b03a-596da89c466e--1000G_CHILDREN/HG02523/1000G_data/HG02523.final.cram,"['s3://human-pangenomics/submissions/02355F32-E75A-4279-A7B8-FCCEA70FB6CD--DEEPCONSENSUS_v1pt2/HG02523/raw_data/PacBio_HiFi/deepconsensus/v1pt2/HG02523.m64043_210506_183430.dc.q20.fastq.gz', 's3://human-pangenomics/submissions/02355F32-E75A-4279-A7B8-FCCEA70FB6CD--DEEPCONSENSUS_v1pt2/HG02523/raw_data/PacBio_HiFi/deepconsensus/v1pt2/HG02523.m64043_210508_033135.dc.q20.fastq.gz', 's3://human-pangenomics/submissions/02355F32-E75A-4279-A7B8-FCCEA70FB6CD--DEEPCONSENSUS_v1pt2/HG02523/raw_data/PacBio_HiFi/deepconsensus/v1pt2/HG02523.m64043_210509_110105.dc.q20.fastq.gz']"
HG02132,s3://human-pangenomics/submissions/325b4b1c-9f20-49be-b03a-596da89c466e--1000G_CHILDREN/HG02132/1000G_data/HG02132.final.cram,"['s3://human-pangenomics/submissions/02355F32-E75A-4279-A7B8-FCCEA70FB6CD--DEEPCONSENSUS_v1pt2/HG02132/raw_data/PacBio_HiFi/deepconsensus/v1pt2/HG02132.m54329U_210627_170630.dc.q20.fastq.gz', 's3://human-pangenomics/submissions/02355F32-E75A-4279-A7B8-FCCEA70FB6CD--DEEPCONSENSUS_v1pt2/HG02132/raw_data/PacBio_HiFi/deepconsensus/v1pt2/HG02132.m54329U_210704_040110.dc.q20.fastq.gz', 's3://human-pangenomics/submissions/02355F32-E75A-4279-A7B8-FCCEA70FB6CD--DEEPCONSENSUS_v1pt2/HG02132/raw_data/PacBio_HiFi/deepconsensus/v1pt2/HG02132.m54329U_210705_145805.dc.q20.fastq.gz', 's3://human-pangenomics/submissions/02355F32-E75A-4279-A7B8-FCCEA70FB6CD--DEEPCONSENSUS_v1pt2/HG02132/raw_data/PacBio_HiFi/deepconsensus/v1pt2/HG02132.m64076_210525_000003.dc.q20.fastq.gz']"
HG03710,s3://human-pangenomics/submissions/325b4b1c-9f20-49be-b03a-596da89c466e--1000G_CHILDREN/HG03710/1000G_data/HG03710.final.cram,"['s3://human-pangenomics/submissions/02355F32-E75A-4279-A7B8-FCCEA70FB6CD--DEEPCONSENSUS_v1pt2/HG03710/raw_data/PacBio_HiFi/deepconsensus/v1pt2/HG03710.m64043_210514_184131.dc.q20.fastq.gz', 's3://human-pangenomics/submissions/02355F32-E75A-4279-A7B8-FCCEA70FB6CD--DEEPCONSENSUS_v1pt2/HG03710/raw_data/PacBio_HiFi/deepconsensus/v1pt2/HG03710.m64043_210516_020821.dc.q20.fastq.gz', 's3://human-pangenomics/submissions/02355F32-E75A-4279-A7B8-FCCEA70FB6CD--DEEPCONSENSUS_v1pt2/HG03710/raw_data/PacBio_HiFi/deepconsensus/v1pt2/HG03710.m64043_210517_175123.dc.q20.fastq.gz']"
HG03654,s3://human-pangenomics/submissions/325b4b1c-9f20-49be-b03a-596da89c466e--1000G_CHILDREN/HG03654/1000G_data/HG03654.final.cram,"['s3://human-pangenomics/submissions/02355F32-E75A-4279-A7B8-FCCEA70FB6CD--DEEPCONSENSUS_v1pt2/HG03654/raw_data/PacBio_HiFi/deepconsensus/v1pt2/HG03654.m64043_210522_023949.dc.q20.fastq.gz', 's3://human-pangenomics/submissions/02355F32-E75A-4279-A7B8-FCCEA70FB6CD--DEEPCONSENSUS_v1pt2/HG03654/raw_data/PacBio_HiFi/deepconsensus/v1pt2/HG03654.m64043_210523_101851.dc.q20.fastq.gz', 's3://human-pangenomics/submissions/02355F32-E75A-4279-A7B8-FCCEA70FB6CD--DEEPCONSENSUS_v1pt2/HG03654/raw_data/PacBio_HiFi/deepconsensus/v1pt2/HG03654.m64043_210524_174752.dc.q20.fastq.gz', 's3://human-pangenomics/submissions/02355F32-E75A-4279-A7B8-FCCEA70FB6CD--DEEPCONSENSUS_v1pt2/HG03654/raw_data/PacBio_HiFi/deepconsensus/v1pt2/HG03654.m64043_210528_171552.dc.q20.fastq.gz']"
HG02698,s3://human-pangenomics/submissions/325b4b1c-9f20-49be-b03a-596da89c466e--1000G_CHILDREN/HG02698/1000G_data/HG02698.final.cram,"['s3://human-pangenomics/submissions/02355F32-E75A-4279-A7B8-FCCEA70FB6CD--DEEPCONSENSUS_v1pt2/HG02698/raw_data/PacBio_HiFi/deepconsensus/v1pt2/HG02698.m64043_210519_013026.dc.q20.fastq.gz', 's3://human-pangenomics/submissions/02355F32-E75A-4279-A7B8-FCCEA70FB6CD--DEEPCONSENSUS_v1pt2/HG02698/raw_data/PacBio_HiFi/deepconsensus/v1pt2/HG02698.m64136_210514_184433.dc.q20.fastq.gz', 's3://human-pangenomics/submissions/02355F32-E75A-4279-A7B8-FCCEA70FB6CD--DEEPCONSENSUS_v1pt2/HG02698/raw_data/PacBio_HiFi/deepconsensus/v1pt2/HG02698.m64136_210517_184202.dc.q20.fastq.gz']"
HG03688,s3://human-pangenomics/submissions/325b4b1c-9f20-49be-b03a-596da89c466e--1000G_CHILDREN/HG03688/1000G_data/HG03688.final.cram,"['s3://human-pangenomics/submissions/02355F32-E75A-4279-A7B8-FCCEA70FB6CD--DEEPCONSENSUS_v1pt2/HG03688/raw_data/PacBio_HiFi/deepconsensus/v1pt2/HG03688.m54329U_210608_221930.dc.q20.fastq.gz', 's3://human-pangenomics/submissions/02355F32-E75A-4279-A7B8-FCCEA70FB6CD--DEEPCONSENSUS_v1pt2/HG03688/raw_data/PacBio_HiFi/deepconsensus/v1pt2/HG03688.m54329U_210611_221457.dc.q20.fastq.gz', 's3://human-pangenomics/submissions/02355F32-E75A-4279-A7B8-FCCEA70FB6CD--DEEPCONSENSUS_v1pt2/HG03688/raw_data/PacBio_HiFi/deepconsensus/v1pt2/HG03688.m54329U_210618_202343.dc.q20.fastq.gz', 's3://human-pangenomics/submissions/02355F32-E75A-4279-A7B8-FCCEA70FB6CD--DEEPCONSENSUS_v1pt2/HG03688/raw_data/PacBio_HiFi/deepconsensus/v1pt2/HG03688.m64076_210610_224207.dc.q20.fastq.gz']"
HG04199,s3://human-pangenomics/submissions/325b4b1c-9f20-49be-b03a-596da89c466e--1000G_CHILDREN/HG04199/1000G_data/HG04199.final.cram,"['s3://human-pangenomics/submissions/02355F32-E75A-4279-A7B8-FCCEA70FB6CD--DEEPCONSENSUS_v1pt2/HG04199/raw_data/PacBio_HiFi/deepconsensus/v1pt2/HG04199.m54329U_210614_155303.dc.q20.fastq.gz', 's3://human-pangenomics/submissions/02355F32-E75A-4279-A7B8-FCCEA70FB6CD--DEEPCONSENSUS_v1pt2/HG04199/raw_data/PacBio_HiFi/deepconsensus/v1pt2/HG04199.m54329U_210620_071842.dc.q20.fastq.gz', 's3://human-pangenomics/submissions/02355F32-E75A-4279-A7B8-FCCEA70FB6CD--DEEPCONSENSUS_v1pt2/HG04199/raw_data/PacBio_HiFi/deepconsensus/v1pt2/HG04199.m54329U_210621_233920.dc.q20.fastq.gz', 's3://human-pangenomics/submissions/02355F32-E75A-4279-A7B8-FCCEA70FB6CD--DEEPCONSENSUS_v1pt2/HG04199/raw_data/PacBio_HiFi/deepconsensus/v1pt2/HG04199.m64076_210613_183806.dc.q20.fastq.gz']"
HG04115,s3://human-pangenomics/submissions/325b4b1c-9f20-49be-b03a-596da89c466e--1000G_CHILDREN/HG04115/1000G_data/HG04115.final.cram,"['s3://human-pangenomics/submissions/02355F32-E75A-4279-A7B8-FCCEA70FB6CD--DEEPCONSENSUS_v1pt2/HG04115/raw_data/PacBio_HiFi/deepconsensus/v1pt2/HG04115.m64076_210623_104349.dc.q20.fastq.gz', 's3://human-pangenomics/submissions/02355F32-E75A-4279-A7B8-FCCEA70FB6CD--DEEPCONSENSUS_v1pt2/HG04115/raw_data/PacBio_HiFi/deepconsensus/v1pt2/HG04115.m64076_210625_220013.dc.q20.fastq.gz', 's3://human-pangenomics/submissions/02355F32-E75A-4279-A7B8-FCCEA70FB6CD--DEEPCONSENSUS_v1pt2/HG04115/raw_data/PacBio_HiFi/deepconsensus/v1pt2/HG04115.m64076_210627_085544.dc.q20.fastq.gz']"
HG03669,s3://human-pangenomics/submissions/AD30A684-C7A8-4D24-89B2-040DFF021B0C--Y2_1000G_DATA/HG03669/Illumina/child/HG03669.final.cram,"['s3://human-pangenomics/submissions/02355F32-E75A-4279-A7B8-FCCEA70FB6CD--DEEPCONSENSUS_v1pt2/HG03669/raw_data/PacBio_HiFi/deepconsensus/v1pt2/HG03669.m64043_210604_175624.dc.q20.fastq.gz', 's3://human-pangenomics/submissions/02355F32-E75A-4279-A7B8-FCCEA70FB6CD--DEEPCONSENSUS_v1pt2/HG03669/raw_data/PacBio_HiFi/deepconsensus/v1pt2/HG03669.m64043_210606_013256.dc.q20.fastq.gz', 's3://human-pangenomics/submissions/02355F32-E75A-4279-A7B8-FCCEA70FB6CD--DEEPCONSENSUS_v1pt2/HG03669/raw_data/PacBio_HiFi/deepconsensus/v1pt2/HG03669.m64043_210607_090252.dc.q20.fastq.gz', 's3://human-pangenomics/submissions/02355F32-E75A-4279-A7B8-FCCEA70FB6CD--DEEPCONSENSUS_v1pt2/HG03669/raw_data/PacBio_HiFi/deepconsensus/v1pt2/HG03669.m64043_210610_203329.dc.q20.fastq.gz']"
HG01255,s3://human-pangenomics/submissions/AD30A684-C7A8-4D24-89B2-040DFF021B0C--Y2_1000G_DATA/HG01255/Illumina/child/HG01255.final.cram,"['s3://human-pangenomics/submissions/02355F32-E75A-4279-A7B8-FCCEA70FB6CD--DEEPCONSENSUS_v1pt2/HG01255/raw_data/PacBio_HiFi/deepconsensus/v1pt2/HG01255.m64043_210520_180149.dc.q20.fastq.gz', 's3://human-pangenomics/submissions/02355F32-E75A-4279-A7B8-FCCEA70FB6CD--DEEPCONSENSUS_v1pt2/HG01255/raw_data/PacBio_HiFi/deepconsensus/v1pt2/HG01255.m64136_210516_022225.dc.q20.fastq.gz', 's3://human-pangenomics/submissions/02355F32-E75A-4279-A7B8-FCCEA70FB6CD--DEEPCONSENSUS_v1pt2/HG01255/raw_data/PacBio_HiFi/deepconsensus/v1pt2/HG01255.m64136_210519_033858.dc.q20.fastq.gz']"
HG02615,s3://human-pangenomics/submissions/AD30A684-C7A8-4D24-89B2-040DFF021B0C--Y2_1000G_DATA/HG02615/Illumina/child/HG02615.final.cram,"['s3://human-pangenomics/submissions/02355F32-E75A-4279-A7B8-FCCEA70FB6CD--DEEPCONSENSUS_v1pt2/HG02615/raw_data/PacBio_HiFi/deepconsensus/v1pt2/HG02615.m64136_210528_171842.dc.q20.fastq.gz', 's3://human-pangenomics/submissions/02355F32-E75A-4279-A7B8-FCCEA70FB6CD--DEEPCONSENSUS_v1pt2/HG02615/raw_data/PacBio_HiFi/deepconsensus/v1pt2/HG02615.m64136_210530_004827.dc.q20.fastq.gz', 's3://human-pangenomics/submissions/02355F32-E75A-4279-A7B8-FCCEA70FB6CD--DEEPCONSENSUS_v1pt2/HG02615/raw_data/PacBio_HiFi/deepconsensus/v1pt2/HG02615.m64136_210531_083342.dc.q20.fastq.gz']"
HG00738,s3://human-pangenomics/submissions/AD30A684-C7A8-4D24-89B2-040DFF021B0C--Y2_1000G_DATA/HG00738/Illumina/child/HG00738.final.cram,"['s3://human-pangenomics/submissions/02355F32-E75A-4279-A7B8-FCCEA70FB6CD--DEEPCONSENSUS_v1pt2/HG00738/raw_data/PacBio_HiFi/deepconsensus/v1pt2/HG00738.m64043_210530_003337.dc.q20.fastq.gz', 's3://human-pangenomics/submissions/02355F32-E75A-4279-A7B8-FCCEA70FB6CD--DEEPCONSENSUS_v1pt2/HG00738/raw_data/PacBio_HiFi/deepconsensus/v1pt2/HG00738.m64043_210531_080529.dc.q20.fastq.gz', 's3://human-pangenomics/submissions/02355F32-E75A-4279-A7B8-FCCEA70FB6CD--DEEPCONSENSUS_v1pt2/HG00738/raw_data/PacBio_HiFi/deepconsensus/v1pt2/HG00738.m64043_210601_160048.dc.q20.fastq.gz', 's3://human-pangenomics/submissions/02355F32-E75A-4279-A7B8-FCCEA70FB6CD--DEEPCONSENSUS_v1pt2/HG00738/raw_data/PacBio_HiFi/deepconsensus/v1pt2/HG00738.m64136_210602_151340.dc.q20.fastq.gz']"
HG03927,s3://human-pangenomics/submissions/AD30A684-C7A8-4D24-89B2-040DFF021B0C--Y2_1000G_DATA/HG03927/Illumina/child/HG03927.final.cram,"['s3://human-pangenomics/submissions/02355F32-E75A-4279-A7B8-FCCEA70FB6CD--DEEPCONSENSUS_v1pt2/HG03927/raw_data/PacBio_HiFi/deepconsensus/v1pt2/HG03927.m54329U_210522_083046.dc.q20.fastq.gz', 's3://human-pangenomics/submissions/02355F32-E75A-4279-A7B8-FCCEA70FB6CD--DEEPCONSENSUS_v1pt2/HG03927/raw_data/PacBio_HiFi/deepconsensus/v1pt2/HG03927.m64076_210514_222349.dc.q20.fastq.gz', 's3://human-pangenomics/submissions/02355F32-E75A-4279-A7B8-FCCEA70FB6CD--DEEPCONSENSUS_v1pt2/HG03927/raw_data/PacBio_HiFi/deepconsensus/v1pt2/HG03927.m64076_210517_210115.dc.q20.fastq.gz', 's3://human-pangenomics/submissions/02355F32-E75A-4279-A7B8-FCCEA70FB6CD--DEEPCONSENSUS_v1pt2/HG03927/raw_data/PacBio_HiFi/deepconsensus/v1pt2/HG03927.m64076_210519_075634.dc.q20.fastq.gz']"
HG00642,s3://human-pangenomics/submissions/AD30A684-C7A8-4D24-89B2-040DFF021B0C--Y2_1000G_DATA/HG00642/Illumina/child/HG00642.final.cram,"['s3://human-pangenomics/submissions/02355F32-E75A-4279-A7B8-FCCEA70FB6CD--DEEPCONSENSUS_v1pt2/HG00642/raw_data/PacBio_HiFi/deepconsensus/v1pt2/HG00642.m54329U_210524_174516.dc.q20.fastq.gz', 's3://human-pangenomics/submissions/02355F32-E75A-4279-A7B8-FCCEA70FB6CD--DEEPCONSENSUS_v1pt2/HG00642/raw_data/PacBio_HiFi/deepconsensus/v1pt2/HG00642.m64076_210516_091844.dc.q20.fastq.gz', 's3://human-pangenomics/submissions/02355F32-E75A-4279-A7B8-FCCEA70FB6CD--DEEPCONSENSUS_v1pt2/HG00642/raw_data/PacBio_HiFi/deepconsensus/v1pt2/HG00642.m64076_210520_213355.dc.q20.fastq.gz', 's3://human-pangenomics/submissions/02355F32-E75A-4279-A7B8-FCCEA70FB6CD--DEEPCONSENSUS_v1pt2/HG00642/raw_data/PacBio_HiFi/deepconsensus/v1pt2/HG00642.m64076_210522_082905.dc.q20.fastq.gz']"
HG01346,s3://human-pangenomics/submissions/AD30A684-C7A8-4D24-89B2-040DFF021B0C--Y2_1000G_DATA/HG01346/Illumina/child/HG01346.final.cram,"['s3://human-pangenomics/submissions/02355F32-E75A-4279-A7B8-FCCEA70FB6CD--DEEPCONSENSUS_v1pt2/HG01346/raw_data/PacBio_HiFi/deepconsensus/v1pt2/HG01346.m54329U_210624_221223.dc.q20.fastq.gz', 's3://human-pangenomics/submissions/02355F32-E75A-4279-A7B8-FCCEA70FB6CD--DEEPCONSENSUS_v1pt2/HG01346/raw_data/PacBio_HiFi/deepconsensus/v1pt2/HG01346.m54329U_210629_024631.dc.q20.fastq.gz', 's3://human-pangenomics/submissions/02355F32-E75A-4279-A7B8-FCCEA70FB6CD--DEEPCONSENSUS_v1pt2/HG01346/raw_data/PacBio_HiFi/deepconsensus/v1pt2/HG01346.m64076_210526_105450.dc.q20.fastq.gz', 's3://human-pangenomics/submissions/02355F32-E75A-4279-A7B8-FCCEA70FB6CD--DEEPCONSENSUS_v1pt2/HG01346/raw_data/PacBio_HiFi/deepconsensus/v1pt2/HG01346.m64076_210621_234241.dc.q20.fastq.gz']"
HG02647,s3://human-pangenomics/submissions/AD30A684-C7A8-4D24-89B2-040DFF021B0C--Y2_1000G_DATA/HG02647/Illumina/child/HG02647.final.cram,"['s3://human-pangenomics/submissions/02355F32-E75A-4279-A7B8-FCCEA70FB6CD--DEEPCONSENSUS_v1pt2/HG02647/raw_data/PacBio_HiFi/deepconsensus/v1pt2/HG02647.m54329U_210604_200442.dc.q20.fastq.gz', 's3://human-pangenomics/submissions/02355F32-E75A-4279-A7B8-FCCEA70FB6CD--DEEPCONSENSUS_v1pt2/HG02647/raw_data/PacBio_HiFi/deepconsensus/v1pt2/HG02647.m64076_210527_231639.dc.q20.fastq.gz', 's3://human-pangenomics/submissions/02355F32-E75A-4279-A7B8-FCCEA70FB6CD--DEEPCONSENSUS_v1pt2/HG02647/raw_data/PacBio_HiFi/deepconsensus/v1pt2/HG02647.m64076_210530_192034.dc.q20.fastq.gz', 's3://human-pangenomics/submissions/02355F32-E75A-4279-A7B8-FCCEA70FB6CD--DEEPCONSENSUS_v1pt2/HG02647/raw_data/PacBio_HiFi/deepconsensus/v1pt2/HG02647.m64076_210601_061523.dc.q20.fastq.gz']"
HG03831,s3://human-pangenomics/submissions/AD30A684-C7A8-4D24-89B2-040DFF021B0C--Y2_1000G_DATA/HG03831/Illumina/child/HG03831.final.cram,"['s3://human-pangenomics/submissions/02355F32-E75A-4279-A7B8-FCCEA70FB6CD--DEEPCONSENSUS_v1pt2/HG03831/raw_data/PacBio_HiFi/deepconsensus/v1pt2/HG03831.m64136_210612_053350.dc.q20.fastq.gz', 's3://human-pangenomics/submissions/02355F32-E75A-4279-A7B8-FCCEA70FB6CD--DEEPCONSENSUS_v1pt2/HG03831/raw_data/PacBio_HiFi/deepconsensus/v1pt2/HG03831.m64136_210613_130744.dc.q20.fastq.gz', 's3://human-pangenomics/submissions/02355F32-E75A-4279-A7B8-FCCEA70FB6CD--DEEPCONSENSUS_v1pt2/HG03831/raw_data/PacBio_HiFi/deepconsensus/v1pt2/HG03831.m64136_210614_204240.dc.q20.fastq.gz', 's3://human-pangenomics/submissions/02355F32-E75A-4279-A7B8-FCCEA70FB6CD--DEEPCONSENSUS_v1pt2/HG03831/raw_data/PacBio_HiFi/deepconsensus/v1pt2/HG03831.m64136_210618_184849.dc.q20.fastq.gz']"
HG01993,s3://human-pangenomics/submissions/AD30A684-C7A8-4D24-89B2-040DFF021B0C--Y2_1000G_DATA/HG01993/Illumina/child/HG01993.final.cram,"['s3://human-pangenomics/submissions/02355F32-E75A-4279-A7B8-FCCEA70FB6CD--DEEPCONSENSUS_v1pt2/HG01993/raw_data/PacBio_HiFi/deepconsensus/v1pt2/HG01993.m64043_210620_041711.dc.q20.fastq.gz', 's3://human-pangenomics/submissions/02355F32-E75A-4279-A7B8-FCCEA70FB6CD--DEEPCONSENSUS_v1pt2/HG01993/raw_data/PacBio_HiFi/deepconsensus/v1pt2/HG01993.m64043_210622_163331.dc.q20.fastq.gz', 's3://human-pangenomics/submissions/02355F32-E75A-4279-A7B8-FCCEA70FB6CD--DEEPCONSENSUS_v1pt2/HG01993/raw_data/PacBio_HiFi/deepconsensus/v1pt2/HG01993.m64043_210624_032817.dc.q20.fastq.gz']"
HG01433,s3://human-pangenomics/submissions/AD30A684-C7A8-4D24-89B2-040DFF021B0C--Y2_1000G_DATA/HG01433/Illumina/child/HG01433.final.cram,"['s3://human-pangenomics/submissions/02355F32-E75A-4279-A7B8-FCCEA70FB6CD--DEEPCONSENSUS_v1pt2/HG01433/raw_data/PacBio_HiFi/deepconsensus/v1pt2/HG01433.m64136_210604_175856.dc.q20.fastq.gz', 's3://human-pangenomics/submissions/02355F32-E75A-4279-A7B8-FCCEA70FB6CD--DEEPCONSENSUS_v1pt2/HG01433/raw_data/PacBio_HiFi/deepconsensus/v1pt2/HG01433.m64136_210606_025622.dc.q20.fastq.gz', 's3://human-pangenomics/submissions/02355F32-E75A-4279-A7B8-FCCEA70FB6CD--DEEPCONSENSUS_v1pt2/HG01433/raw_data/PacBio_HiFi/deepconsensus/v1pt2/HG01433.m64136_210607_115559.dc.q20.fastq.gz', 's3://human-pangenomics/submissions/02355F32-E75A-4279-A7B8-FCCEA70FB6CD--DEEPCONSENSUS_v1pt2/HG01433/raw_data/PacBio_HiFi/deepconsensus/v1pt2/HG01433.m64136_210610_203618.dc.q20.fastq.gz']"
HG04184,s3://human-pangenomics/submissions/AD30A684-C7A8-4D24-89B2-040DFF021B0C--Y2_1000G_DATA/HG04184/Illumina/child/HG04184.final.cram,"['s3://human-pangenomics/submissions/02355F32-E75A-4279-A7B8-FCCEA70FB6CD--DEEPCONSENSUS_v1pt2/HG04184/raw_data/PacBio_HiFi/deepconsensus/v1pt2/HG04184.m64076_210701_234028.dc.q20.fastq.gz', 's3://human-pangenomics/submissions/02355F32-E75A-4279-A7B8-FCCEA70FB6CD--DEEPCONSENSUS_v1pt2/HG04184/raw_data/PacBio_HiFi/deepconsensus/v1pt2/HG04184.m64076_210708_084125.dc.q20.fastq.gz', 's3://human-pangenomics/submissions/02355F32-E75A-4279-A7B8-FCCEA70FB6CD--DEEPCONSENSUS_v1pt2/HG04184/raw_data/PacBio_HiFi/deepconsensus/v1pt2/HG04184.m64076_210709_232529.dc.q20.fastq.gz', 's3://human-pangenomics/submissions/02355F32-E75A-4279-A7B8-FCCEA70FB6CD--DEEPCONSENSUS_v1pt2/HG04184/raw_data/PacBio_HiFi/deepconsensus/v1pt2/HG04184.m64076_210712_194121.dc.q20.fastq.gz']"
HG02683,s3://human-pangenomics/submissions/AD30A684-C7A8-4D24-89B2-040DFF021B0C--Y2_1000G_DATA/HG02683/Illumina/child/HG02683.final.cram,"['s3://human-pangenomics/submissions/02355F32-E75A-4279-A7B8-FCCEA70FB6CD--DEEPCONSENSUS_v1pt2/HG02683/raw_data/PacBio_HiFi/deepconsensus/v1pt2/HG02683.m54329U_210707_171722.dc.q20.fastq.gz', 's3://human-pangenomics/submissions/02355F32-E75A-4279-A7B8-FCCEA70FB6CD--DEEPCONSENSUS_v1pt2/HG02683/raw_data/PacBio_HiFi/deepconsensus/v1pt2/HG02683.m54329U_210709_030038.dc.q20.fastq.gz', 's3://human-pangenomics/submissions/02355F32-E75A-4279-A7B8-FCCEA70FB6CD--DEEPCONSENSUS_v1pt2/HG02683/raw_data/PacBio_HiFi/deepconsensus/v1pt2/HG02683.m64076_210703_103644.dc.q20.fastq.gz']"
HG02300,s3://human-pangenomics/submissions/AD30A684-C7A8-4D24-89B2-040DFF021B0C--Y2_1000G_DATA/HG02300/Illumina/child/HG02300.final.cram,"['s3://human-pangenomics/submissions/02355F32-E75A-4279-A7B8-FCCEA70FB6CD--DEEPCONSENSUS_v1pt2/HG02300/raw_data/PacBio_HiFi/deepconsensus/v1pt2/HG02300.m54329U_210702_182525.dc.q20.fastq.gz', 's3://human-pangenomics/submissions/02355F32-E75A-4279-A7B8-FCCEA70FB6CD--DEEPCONSENSUS_v1pt2/HG02300/raw_data/PacBio_HiFi/deepconsensus/v1pt2/HG02300.m54329U_210710_123004.dc.q20.fastq.gz', 's3://human-pangenomics/submissions/02355F32-E75A-4279-A7B8-FCCEA70FB6CD--DEEPCONSENSUS_v1pt2/HG02300/raw_data/PacBio_HiFi/deepconsensus/v1pt2/HG02300.m54329U_210711_215946.dc.q20.fastq.gz']"
HG02738,s3://human-pangenomics/submissions/AD30A684-C7A8-4D24-89B2-040DFF021B0C--Y2_1000G_DATA/HG02738/Illumina/child/HG02738.final.cram,"['s3://human-pangenomics/submissions/02355F32-E75A-4279-A7B8-FCCEA70FB6CD--DEEPCONSENSUS_v1pt2/HG02738/raw_data/PacBio_HiFi/deepconsensus/v1pt2/HG02738.m64076_210706_214544.dc.q20.fastq.gz', 's3://human-pangenomics/submissions/02355F32-E75A-4279-A7B8-FCCEA70FB6CD--DEEPCONSENSUS_v1pt2/HG02738/raw_data/PacBio_HiFi/deepconsensus/v1pt2/HG02738.m64076_210711_102225.dc.q20.fastq.gz', 's3://human-pangenomics/submissions/02355F32-E75A-4279-A7B8-FCCEA70FB6CD--DEEPCONSENSUS_v1pt2/HG02738/raw_data/PacBio_HiFi/deepconsensus/v1pt2/HG02738.m64076_210714_200553.dc.q20.fastq.gz', 's3://human-pangenomics/submissions/02355F32-E75A-4279-A7B8-FCCEA70FB6CD--DEEPCONSENSUS_v1pt2/HG02738/raw_data/PacBio_HiFi/deepconsensus/v1pt2/HG02738.m64076_210718_085619.dc.q20.fastq.gz']"
HG01884,s3://human-pangenomics/submissions/AD30A684-C7A8-4D24-89B2-040DFF021B0C--Y2_1000G_DATA/HG01884/Illumina/child/HG01884.final.cram,"['s3://human-pangenomics/submissions/02355F32-E75A-4279-A7B8-FCCEA70FB6CD--DEEPCONSENSUS_v1pt2/HG01884/raw_data/PacBio_HiFi/deepconsensus/v1pt2/HG01884.m54329U_210713_205453.dc.q20.fastq.gz', 's3://human-pangenomics/submissions/02355F32-E75A-4279-A7B8-FCCEA70FB6CD--DEEPCONSENSUS_v1pt2/HG01884/raw_data/PacBio_HiFi/deepconsensus/v1pt2/HG01884.m54329U_210716_214728.dc.q20.fastq.gz', 's3://human-pangenomics/submissions/02355F32-E75A-4279-A7B8-FCCEA70FB6CD--DEEPCONSENSUS_v1pt2/HG01884/raw_data/PacBio_HiFi/deepconsensus/v1pt2/HG01884.m54329U_210718_084331.dc.q20.fastq.gz']"
HG01496,s3://human-pangenomics/submissions/AD30A684-C7A8-4D24-89B2-040DFF021B0C--Y2_1000G_DATA/HG01496/Illumina/child/HG01496.final.cram,"['s3://human-pangenomics/submissions/02355F32-E75A-4279-A7B8-FCCEA70FB6CD--DEEPCONSENSUS_v1pt2/HG01496/raw_data/PacBio_HiFi/deepconsensus/v1pt2/HG01496.m64043_210625_184443.dc.q20.fastq.gz', 's3://human-pangenomics/submissions/02355F32-E75A-4279-A7B8-FCCEA70FB6CD--DEEPCONSENSUS_v1pt2/HG01496/raw_data/PacBio_HiFi/deepconsensus/v1pt2/HG01496.m64043_210627_054642.dc.q20.fastq.gz', 's3://human-pangenomics/submissions/02355F32-E75A-4279-A7B8-FCCEA70FB6CD--DEEPCONSENSUS_v1pt2/HG01496/raw_data/PacBio_HiFi/deepconsensus/v1pt2/HG01496.m64043_210628_151651.dc.q20.fastq.gz']"
HG00609,s3://human-pangenomics/submissions/AD30A684-C7A8-4D24-89B2-040DFF021B0C--Y2_1000G_DATA/HG00609/Illumina/child/HG00609.final.cram,"['s3://human-pangenomics/submissions/02355F32-E75A-4279-A7B8-FCCEA70FB6CD--DEEPCONSENSUS_v1pt2/HG00609/raw_data/PacBio_HiFi/deepconsensus/v1pt2/HG00609.m64136_210620_054327.dc.q20.fastq.gz', 's3://human-pangenomics/submissions/02355F32-E75A-4279-A7B8-FCCEA70FB6CD--DEEPCONSENSUS_v1pt2/HG00609/raw_data/PacBio_HiFi/deepconsensus/v1pt2/HG00609.m64136_210622_163607.dc.q20.fastq.gz', 's3://human-pangenomics/submissions/02355F32-E75A-4279-A7B8-FCCEA70FB6CD--DEEPCONSENSUS_v1pt2/HG00609/raw_data/PacBio_HiFi/deepconsensus/v1pt2/HG00609.m64136_210624_033152.dc.q20.fastq.gz']"
HG01981,s3://human-pangenomics/submissions/AD30A684-C7A8-4D24-89B2-040DFF021B0C--Y2_1000G_DATA/HG01981/Illumina/child/HG01981.final.cram,"['s3://human-pangenomics/submissions/02355F32-E75A-4279-A7B8-FCCEA70FB6CD--DEEPCONSENSUS_v1pt2/HG01981/raw_data/PacBio_HiFi/deepconsensus/v1pt2/HG01981.m64136_210625_184731.dc.q20.fastq.gz', 's3://human-pangenomics/submissions/02355F32-E75A-4279-A7B8-FCCEA70FB6CD--DEEPCONSENSUS_v1pt2/HG01981/raw_data/PacBio_HiFi/deepconsensus/v1pt2/HG01981.m64136_210627_054246.dc.q20.fastq.gz', 's3://human-pangenomics/submissions/02355F32-E75A-4279-A7B8-FCCEA70FB6CD--DEEPCONSENSUS_v1pt2/HG01981/raw_data/PacBio_HiFi/deepconsensus/v1pt2/HG01981.m64136_210628_163953.dc.q20.fastq.gz']"
HG02004,s3://human-pangenomics/submissions/AD30A684-C7A8-4D24-89B2-040DFF021B0C--Y2_1000G_DATA/HG02004/Illumina/child/HG02004.final.cram,"['s3://human-pangenomics/submissions/02355F32-E75A-4279-A7B8-FCCEA70FB6CD--DEEPCONSENSUS_v1pt2/HG02004/raw_data/PacBio_HiFi/deepconsensus/v1pt2/HG02004.m64043_210709_205614.dc.q20.fastq.gz', 's3://human-pangenomics/submissions/02355F32-E75A-4279-A7B8-FCCEA70FB6CD--DEEPCONSENSUS_v1pt2/HG02004/raw_data/PacBio_HiFi/deepconsensus/v1pt2/HG02004.m64136_210702_183526.dc.q20.fastq.gz', 's3://human-pangenomics/submissions/02355F32-E75A-4279-A7B8-FCCEA70FB6CD--DEEPCONSENSUS_v1pt2/HG02004/raw_data/PacBio_HiFi/deepconsensus/v1pt2/HG02004.m64136_210704_053041.dc.q20.fastq.gz', 's3://human-pangenomics/submissions/02355F32-E75A-4279-A7B8-FCCEA70FB6CD--DEEPCONSENSUS_v1pt2/HG02004/raw_data/PacBio_HiFi/deepconsensus/v1pt2/HG02004.m64136_210705_162724.dc.q20.fastq.gz']"
HG02280,s3://human-pangenomics/submissions/AD30A684-C7A8-4D24-89B2-040DFF021B0C--Y2_1000G_DATA/HG02280/Illumina/child/HG02280.final.cram,"['s3://human-pangenomics/submissions/02355F32-E75A-4279-A7B8-FCCEA70FB6CD--DEEPCONSENSUS_v1pt2/HG02280/raw_data/PacBio_HiFi/deepconsensus/v1pt2/HG02280.m64136_210716_230343.dc.q20.fastq.gz', 's3://human-pangenomics/submissions/02355F32-E75A-4279-A7B8-FCCEA70FB6CD--DEEPCONSENSUS_v1pt2/HG02280/raw_data/PacBio_HiFi/deepconsensus/v1pt2/HG02280.m64136_210718_091611.dc.q20.fastq.gz', 's3://human-pangenomics/submissions/02355F32-E75A-4279-A7B8-FCCEA70FB6CD--DEEPCONSENSUS_v1pt2/HG02280/raw_data/PacBio_HiFi/deepconsensus/v1pt2/HG02280.m64136_210719_201505.dc.q20.fastq.gz']"
HG01099,s3://human-pangenomics/submissions/AD30A684-C7A8-4D24-89B2-040DFF021B0C--Y2_1000G_DATA/HG01099/Illumina/child/HG01099.final.cram,"['s3://human-pangenomics/submissions/02355F32-E75A-4279-A7B8-FCCEA70FB6CD--DEEPCONSENSUS_v1pt2/HG01099/raw_data/PacBio_HiFi/deepconsensus/v1pt2/HG01099.m64043_210704_052805.dc.q20.fastq.gz', 's3://human-pangenomics/submissions/02355F32-E75A-4279-A7B8-FCCEA70FB6CD--DEEPCONSENSUS_v1pt2/HG01099/raw_data/PacBio_HiFi/deepconsensus/v1pt2/HG01099.m64043_210705_162656.dc.q20.fastq.gz', 's3://human-pangenomics/submissions/02355F32-E75A-4279-A7B8-FCCEA70FB6CD--DEEPCONSENSUS_v1pt2/HG01099/raw_data/PacBio_HiFi/deepconsensus/v1pt2/HG01099.m64043_210707_032602.dc.q20.fastq.gz']"
HG03704,s3://human-pangenomics/submissions/AD30A684-C7A8-4D24-89B2-040DFF021B0C--Y2_1000G_DATA/HG03704/Illumina/child/HG03704.final.cram,"['s3://human-pangenomics/submissions/42AFCE59-2972-45EE-BB72-5B84E7B57377--HPRC_DEEPCONSENSUS_v1pt2_2023_08_q20/HG03704/raw_data/PacBio_HiFi/deepconsensus/v1pt2/HG03704.m54329U_211105_213234.dc.q20.fastq.gz', 's3://human-pangenomics/submissions/42AFCE59-2972-45EE-BB72-5B84E7B57377--HPRC_DEEPCONSENSUS_v1pt2_2023_08_q20/HG03704/raw_data/PacBio_HiFi/deepconsensus/v1pt2/HG03704.m54329U_211111_222027.dc.q20.fastq.gz', 's3://human-pangenomics/submissions/42AFCE59-2972-45EE-BB72-5B84E7B57377--HPRC_DEEPCONSENSUS_v1pt2_2023_08_q20/HG03704/raw_data/PacBio_HiFi/deepconsensus/v1pt2/HG03704.m54329U_220203_054640.dc.q20.fastq.gz', 's3://human-pangenomics/submissions/42AFCE59-2972-45EE-BB72-5B84E7B57377--HPRC_DEEPCONSENSUS_v1pt2_2023_08_q20/HG03704/raw_data/PacBio_HiFi/deepconsensus/v1pt2/HG03704.m54329U_220207_224702.dc.q20.fastq.gz', 's3://human-pangenomics/submissions/42AFCE59-2972-45EE-BB72-5B84E7B57377--HPRC_DEEPCONSENSUS_v1pt2_2023_08_q20/HG03704/raw_data/PacBio_HiFi/deepconsensus/v1pt2/HG03704.m64076_220216_013707.dc.q20.fastq.gz']"
HG02451,s3://human-pangenomics/submissions/AD30A684-C7A8-4D24-89B2-040DFF021B0C--Y2_1000G_DATA/HG02451/Illumina/child/HG02451.final.cram,"['s3://human-pangenomics/submissions/42AFCE59-2972-45EE-BB72-5B84E7B57377--HPRC_DEEPCONSENSUS_v1pt2_2023_08_q20/HG02451/raw_data/PacBio_HiFi/deepconsensus/v1pt2/HG02451.m64076_211109_232223.dc.q20.fastq.gz', 's3://human-pangenomics/submissions/42AFCE59-2972-45EE-BB72-5B84E7B57377--HPRC_DEEPCONSENSUS_v1pt2_2023_08_q20/HG02451/raw_data/PacBio_HiFi/deepconsensus/v1pt2/HG02451.m64076_211208_005550.dc.q20.fastq.gz', 's3://human-pangenomics/submissions/42AFCE59-2972-45EE-BB72-5B84E7B57377--HPRC_DEEPCONSENSUS_v1pt2_2023_08_q20/HG02451/raw_data/PacBio_HiFi/deepconsensus/v1pt2/HG02451.m64076_211211_014755.dc.q20.fastq.gz', 's3://human-pangenomics/submissions/42AFCE59-2972-45EE-BB72-5B84E7B57377--HPRC_DEEPCONSENSUS_v1pt2_2023_08_q20/HG02451/raw_data/PacBio_HiFi/deepconsensus/v1pt2/HG02451.m64076_211212_112351.dc.q20.fastq.gz']"
HG00408,s3://human-pangenomics/submissions/AD30A684-C7A8-4D24-89B2-040DFF021B0C--Y2_1000G_DATA/HG00408/Illumina/child/HG00408.final.cram,"[""s3://human-pangenomics/submissions/42AFCE59-2972-45EE-BB72-5B84E7B57377--HPRC_DEEPCONSENSUS_v1pt2_2023_08_q20/HG00408/raw_data/PacBio_HiFi/deepconsensus/v1pt2/HG00408.m64136_211111_194404.dc.q20.fastq.gz"",""s3://human-pangenomics/submissions/42AFCE59-2972-45EE-BB72-5B84E7B57377--HPRC_DEEPCONSENSUS_v1pt2_2023_08_q20/HG00408/raw_data/PacBio_HiFi/deepconsensus/v1pt2/HG00408.m64136_211113_063830.dc.q20.fastq.gz"",""s3://human-pangenomics/submissions/42AFCE59-2972-45EE-BB72-5B84E7B57377--HPRC_DEEPCONSENSUS_v1pt2_2023_08_q20/HG00408/raw_data/PacBio_HiFi/deepconsensus/v1pt2/HG00408.m64136_211114_164241.dc.q20.fastq.gz""]"
HG01192,s3://human-pangenomics/submissions/AD30A684-C7A8-4D24-89B2-040DFF021B0C--Y2_1000G_DATA/HG01192/Illumina/child/HG01192.final.cram,"[""s3://human-pangenomics/submissions/42AFCE59-2972-45EE-BB72-5B84E7B57377--HPRC_DEEPCONSENSUS_v1pt2_2023_08_q20/HG01192/raw_data/PacBio_HiFi/deepconsensus/v1pt2/HG01192.m64043_211124_192057.dc.q20.fastq.gz"",""s3://human-pangenomics/submissions/42AFCE59-2972-45EE-BB72-5B84E7B57377--HPRC_DEEPCONSENSUS_v1pt2_2023_08_q20/HG01192/raw_data/PacBio_HiFi/deepconsensus/v1pt2/HG01192.m64043_211126_061537.dc.q20.fastq.gz"",""s3://human-pangenomics/submissions/42AFCE59-2972-45EE-BB72-5B84E7B57377--HPRC_DEEPCONSENSUS_v1pt2_2023_08_q20/HG01192/raw_data/PacBio_HiFi/deepconsensus/v1pt2/HG01192.m64043_211127_171224.dc.q20.fastq.gz""]"
HG01261,s3://human-pangenomics/submissions/AD30A684-C7A8-4D24-89B2-040DFF021B0C--Y2_1000G_DATA/HG01261/Illumina/child/HG01261.final.cram,"[""s3://human-pangenomics/submissions/42AFCE59-2972-45EE-BB72-5B84E7B57377--HPRC_DEEPCONSENSUS_v1pt2_2023_08_q20/HG01261/raw_data/PacBio_HiFi/deepconsensus/v1pt2/HG01261.m64043_211222_184851.dc.q20.fastq.gz"",""s3://human-pangenomics/submissions/42AFCE59-2972-45EE-BB72-5B84E7B57377--HPRC_DEEPCONSENSUS_v1pt2_2023_08_q20/HG01261/raw_data/PacBio_HiFi/deepconsensus/v1pt2/HG01261.m64136_211105_181124.dc.q20.fastq.gz"",""s3://human-pangenomics/submissions/42AFCE59-2972-45EE-BB72-5B84E7B57377--HPRC_DEEPCONSENSUS_v1pt2_2023_08_q20/HG01261/raw_data/PacBio_HiFi/deepconsensus/v1pt2/HG01261.m64136_211107_050725.dc.q20.fastq.gz"",""s3://human-pangenomics/submissions/42AFCE59-2972-45EE-BB72-5B84E7B57377--HPRC_DEEPCONSENSUS_v1pt2_2023_08_q20/HG01261/raw_data/PacBio_HiFi/deepconsensus/v1pt2/HG01261.m64136_211108_160613.dc.q20.fastq.gz""]"
HG02015,s3://human-pangenomics/submissions/AD30A684-C7A8-4D24-89B2-040DFF021B0C--Y2_1000G_DATA/HG02015/Illumina/child/HG02015.final.cram,"[""s3://human-pangenomics/submissions/42AFCE59-2972-45EE-BB72-5B84E7B57377--HPRC_DEEPCONSENSUS_v1pt2_2023_08_q20/HG02015/raw_data/PacBio_HiFi/deepconsensus/v1pt2/HG02015.m64043_210901_164337.dc.q20.fastq.gz"",""s3://human-pangenomics/submissions/42AFCE59-2972-45EE-BB72-5B84E7B57377--HPRC_DEEPCONSENSUS_v1pt2_2023_08_q20/HG02015/raw_data/PacBio_HiFi/deepconsensus/v1pt2/HG02015.m64043_210903_163032.dc.q20.fastq.gz"",""s3://human-pangenomics/submissions/42AFCE59-2972-45EE-BB72-5B84E7B57377--HPRC_DEEPCONSENSUS_v1pt2_2023_08_q20/HG02015/raw_data/PacBio_HiFi/deepconsensus/v1pt2/HG02015.m64043_210905_032603.dc.q20.fastq.gz""]"
HG02056,s3://human-pangenomics/submissions/AD30A684-C7A8-4D24-89B2-040DFF021B0C--Y2_1000G_DATA/HG02056/Illumina/child/HG02056.final.cram,"[""s3://human-pangenomics/submissions/42AFCE59-2972-45EE-BB72-5B84E7B57377--HPRC_DEEPCONSENSUS_v1pt2_2023_08_q20/HG02056/raw_data/PacBio_HiFi/deepconsensus/v1pt2/HG02056.m64043_220114_181052.dc.q20.fastq.gz"",""s3://human-pangenomics/submissions/42AFCE59-2972-45EE-BB72-5B84E7B57377--HPRC_DEEPCONSENSUS_v1pt2_2023_08_q20/HG02056/raw_data/PacBio_HiFi/deepconsensus/v1pt2/HG02056.m64136_211118_185339.dc.q20.fastq.gz"",""s3://human-pangenomics/submissions/42AFCE59-2972-45EE-BB72-5B84E7B57377--HPRC_DEEPCONSENSUS_v1pt2_2023_08_q20/HG02056/raw_data/PacBio_HiFi/deepconsensus/v1pt2/HG02056.m64136_211120_043838.dc.q20.fastq.gz"",""s3://human-pangenomics/submissions/42AFCE59-2972-45EE-BB72-5B84E7B57377--HPRC_DEEPCONSENSUS_v1pt2_2023_08_q20/HG02056/raw_data/PacBio_HiFi/deepconsensus/v1pt2/HG02056.m64136_211121_153454.dc.q20.fastq.gz""]"
HG02129,s3://human-pangenomics/submissions/AD30A684-C7A8-4D24-89B2-040DFF021B0C--Y2_1000G_DATA/HG02129/Illumina/child/HG02129.final.cram,"[""s3://human-pangenomics/submissions/42AFCE59-2972-45EE-BB72-5B84E7B57377--HPRC_DEEPCONSENSUS_v1pt2_2023_08_q20/HG02129/raw_data/PacBio_HiFi/deepconsensus/v1pt2/HG02129.m64136_220422_181133.dc.q20.fastq.gz"",""s3://human-pangenomics/submissions/42AFCE59-2972-45EE-BB72-5B84E7B57377--HPRC_DEEPCONSENSUS_v1pt2_2023_08_q20/HG02129/raw_data/PacBio_HiFi/deepconsensus/v1pt2/HG02129.m64136_220424_050632.dc.q20.fastq.gz"",""s3://human-pangenomics/submissions/42AFCE59-2972-45EE-BB72-5B84E7B57377--HPRC_DEEPCONSENSUS_v1pt2_2023_08_q20/HG02129/raw_data/PacBio_HiFi/deepconsensus/v1pt2/HG02129.m64136_220426_155627.dc.q20.fastq.gz""]"
HG02258,s3://human-pangenomics/submissions/AD30A684-C7A8-4D24-89B2-040DFF021B0C--Y2_1000G_DATA/HG02258/Illumina/child/HG02258.final.cram,"[""s3://human-pangenomics/submissions/42AFCE59-2972-45EE-BB72-5B84E7B57377--HPRC_DEEPCONSENSUS_v1pt2_2023_08_q20/HG02258/raw_data/PacBio_HiFi/deepconsensus/v1pt2/HG02258.m64043_211217_180919.dc.q20.fastq.gz"",""s3://human-pangenomics/submissions/42AFCE59-2972-45EE-BB72-5B84E7B57377--HPRC_DEEPCONSENSUS_v1pt2_2023_08_q20/HG02258/raw_data/PacBio_HiFi/deepconsensus/v1pt2/HG02258.m64043_211219_050421.dc.q20.fastq.gz"",""s3://human-pangenomics/submissions/42AFCE59-2972-45EE-BB72-5B84E7B57377--HPRC_DEEPCONSENSUS_v1pt2_2023_08_q20/HG02258/raw_data/PacBio_HiFi/deepconsensus/v1pt2/HG02258.m64043_211220_160211.dc.q20.fastq.gz"",""s3://human-pangenomics/submissions/42AFCE59-2972-45EE-BB72-5B84E7B57377--HPRC_DEEPCONSENSUS_v1pt2_2023_08_q20/HG02258/raw_data/PacBio_HiFi/deepconsensus/v1pt2/HG02258.m64043_220114_181052.dc.q20.fastq.gz""]"
HG03834,s3://human-pangenomics/submissions/AD30A684-C7A8-4D24-89B2-040DFF021B0C--Y2_1000G_DATA/HG03834/Illumina/child/HG03834.final.cram,"[""s3://human-pangenomics/submissions/42AFCE59-2972-45EE-BB72-5B84E7B57377--HPRC_DEEPCONSENSUS_v1pt2_2023_08_q20/HG03834/raw_data/PacBio_HiFi/deepconsensus/v1pt2/HG03834.m64043_220107_191226.dc.q20.fastq.gz"",""s3://human-pangenomics/submissions/42AFCE59-2972-45EE-BB72-5B84E7B57377--HPRC_DEEPCONSENSUS_v1pt2_2023_08_q20/HG03834/raw_data/PacBio_HiFi/deepconsensus/v1pt2/HG03834.m64043_220109_060731.dc.q20.fastq.gz"",""s3://human-pangenomics/submissions/42AFCE59-2972-45EE-BB72-5B84E7B57377--HPRC_DEEPCONSENSUS_v1pt2_2023_08_q20/HG03834/raw_data/PacBio_HiFi/deepconsensus/v1pt2/HG03834.m64043_220110_170603.dc.q20.fastq.gz""]"
HG00597,s3://human-pangenomics/submissions/AD30A684-C7A8-4D24-89B2-040DFF021B0C--Y2_1000G_DATA/HG00597/Illumina/child/HG00597.final.cram,"[""s3://human-pangenomics/submissions/42AFCE59-2972-45EE-BB72-5B84E7B57377--HPRC_DEEPCONSENSUS_v1pt2_2023_08_q20/HG00597/raw_data/PacBio_HiFi/deepconsensus/v1pt2/HG00597.m64043_211210_180342.dc.q20.fastq.gz"",""s3://human-pangenomics/submissions/42AFCE59-2972-45EE-BB72-5B84E7B57377--HPRC_DEEPCONSENSUS_v1pt2_2023_08_q20/HG00597/raw_data/PacBio_HiFi/deepconsensus/v1pt2/HG00597.m64043_211212_045901.dc.q20.fastq.gz"",""s3://human-pangenomics/submissions/42AFCE59-2972-45EE-BB72-5B84E7B57377--HPRC_DEEPCONSENSUS_v1pt2_2023_08_q20/HG00597/raw_data/PacBio_HiFi/deepconsensus/v1pt2/HG00597.m64043_211213_155654.dc.q20.fastq.gz"",""s3://human-pangenomics/submissions/42AFCE59-2972-45EE-BB72-5B84E7B57377--HPRC_DEEPCONSENSUS_v1pt2_2023_08_q20/HG00597/raw_data/PacBio_HiFi/deepconsensus/v1pt2/HG00597.m64043_211222_184851.dc.q20.fastq.gz""]"
HG01975,s3://human-pangenomics/submissions/AD30A684-C7A8-4D24-89B2-040DFF021B0C--Y2_1000G_DATA/HG01975/Illumina/child/HG01975.final.cram,"[""s3://human-pangenomics/submissions/42AFCE59-2972-45EE-BB72-5B84E7B57377--HPRC_DEEPCONSENSUS_v1pt2_2023_08_q20/HG01975/raw_data/PacBio_HiFi/deepconsensus/v1pt2/HG01975.m64043_211113_003158.dc.q20.fastq.gz"",""s3://human-pangenomics/submissions/42AFCE59-2972-45EE-BB72-5B84E7B57377--HPRC_DEEPCONSENSUS_v1pt2_2023_08_q20/HG01975/raw_data/PacBio_HiFi/deepconsensus/v1pt2/HG01975.m64043_211114_112934.dc.q20.fastq.gz"",""s3://human-pangenomics/submissions/42AFCE59-2972-45EE-BB72-5B84E7B57377--HPRC_DEEPCONSENSUS_v1pt2_2023_08_q20/HG01975/raw_data/PacBio_HiFi/deepconsensus/v1pt2/HG01975.m64043_211115_222749.dc.q20.fastq.gz"",""s3://human-pangenomics/submissions/42AFCE59-2972-45EE-BB72-5B84E7B57377--HPRC_DEEPCONSENSUS_v1pt2_2023_08_q20/HG01975/raw_data/PacBio_HiFi/deepconsensus/v1pt2/HG01975.m64043_211222_184851.dc.q20.fastq.gz""]"
HG02559,"['s3://human-pangenomics/submissions/30E441F3-6820-4BF6-BCF4-E64D56C8D6A4--TRUSEQ/HG02559/raw_data/Illumina/child/HG02559-111121_S3_L001_R1_001.fastq.gz','s3://human-pangenomics/submissions/30E441F3-6820-4BF6-BCF4-E64D56C8D6A4--TRUSEQ/HG02559/raw_data/Illumina/child/HG02559-111121_S3_L001_R2_001.fastq.gz','s3://human-pangenomics/submissions/30E441F3-6820-4BF6-BCF4-E64D56C8D6A4--TRUSEQ/HG02559/raw_data/Illumina/child/HG02599_S18_L001_R1_001.fastq.gz','s3://human-pangenomics/submissions/30E441F3-6820-4BF6-BCF4-E64D56C8D6A4--TRUSEQ/HG02559/raw_data/Illumina/child/HG02599_S18_L001_R2_001.fastq.gz','s3://human-pangenomics/submissions/30E441F3-6820-4BF6-BCF4-E64D56C8D6A4--TRUSEQ/HG02559/raw_data/Illumina/child/HG02599_S18_L002_R1_001.fastq.gz','s3://human-pangenomics/submissions/30E441F3-6820-4BF6-BCF4-E64D56C8D6A4--TRUSEQ/HG02559/raw_data/Illumina/child/HG02599_S18_L002_R2_001.fastq.gz','s3://human-pangenomics/submissions/30E441F3-6820-4BF6-BCF4-E64D56C8D6A4--TRUSEQ/HG02559/raw_data/Illumina/child/HG02599_S18_L003_R1_001.fastq.gz','s3://human-pangenomics/submissions/30E441F3-6820-4BF6-BCF4-E64D56C8D6A4--TRUSEQ/HG02559/raw_data/Illumina/child/HG02599_S18_L003_R2_001.fastq.gz','s3://human-pangenomics/submissions/30E441F3-6820-4BF6-BCF4-E64D56C8D6A4--TRUSEQ/HG02559/raw_data/Illumina/child/HG02599_S18_L004_R1_001.fastq.gz','s3://human-pangenomics/submissions/30E441F3-6820-4BF6-BCF4-E64D56C8D6A4--TRUSEQ/HG02559/raw_data/Illumina/child/HG02599_S18_L004_R2_001.fastq.gz']","['s3://human-pangenomics/submissions/3A25CF8A-1F36-42EE-BC9F-D29CECAA2A99--HPRC_DEEPCONSENSUS_v1pt2_2023_12_q20/HG02559/raw_data/PacBio_HiFi/deepconsensus/v1pt2/HG02559.m54329U_200211_192235.dc.q20.fastq.gz','s3://human-pangenomics/submissions/3A25CF8A-1F36-42EE-BC9F-D29CECAA2A99--HPRC_DEEPCONSENSUS_v1pt2_2023_12_q20/HG02559/raw_data/PacBio_HiFi/deepconsensus/v1pt2/HG02559.m54329U_200217_055345.dc.q20.fastq.gz','s3://human-pangenomics/submissions/3A25CF8A-1F36-42EE-BC9F-D29CECAA2A99--HPRC_DEEPCONSENSUS_v1pt2_2023_12_q20/HG02559/raw_data/PacBio_HiFi/deepconsensus/v1pt2/HG02559.m54329U_200219_181523.dc.q20.fastq.gz','s3://human-pangenomics/submissions/3A25CF8A-1F36-42EE-BC9F-D29CECAA2A99--HPRC_DEEPCONSENSUS_v1pt2_2023_12_q20/HG02559/raw_data/PacBio_HiFi/deepconsensus/v1pt2/HG02559.m64076_200215_021919.dc.q20.fastq.gz','s3://human-pangenomics/submissions/3A25CF8A-1F36-42EE-BC9F-D29CECAA2A99--HPRC_DEEPCONSENSUS_v1pt2_2023_12_q20/HG02559/raw_data/PacBio_HiFi/deepconsensus/v1pt2/HG02559.m64076_200217_055339.dc.q20.fastq.gz','s3://human-pangenomics/submissions/4f8c8e63-dfd3-4f90-965f-8a8cf3ee4de9--UW_HPRC_HiFi_Y4_AND_Y3_Topoff/HG02559/m84046_230628_175536_s3.hifi_reads.bc2057.bam']"
HG02486,"['s3://human-pangenomics/submissions/30E441F3-6820-4BF6-BCF4-E64D56C8D6A4--TRUSEQ/HG02486/raw_data/Illumina/child/HG02486-111121_S6_L002_R1_001.fastq.gz','s3://human-pangenomics/submissions/30E441F3-6820-4BF6-BCF4-E64D56C8D6A4--TRUSEQ/HG02486/raw_data/Illumina/child/HG02486-111121_S6_L002_R2_001.fastq.gz']","['s3://human-pangenomics/submissions/3A25CF8A-1F36-42EE-BC9F-D29CECAA2A99--HPRC_DEEPCONSENSUS_v1pt2_2023_12_q20/HG02486/raw_data/PacBio_HiFi/deepconsensus/v1pt2/HG02486.m54329U_200215_021808.dc.q20.fastq.gz','s3://human-pangenomics/submissions/3A25CF8A-1F36-42EE-BC9F-D29CECAA2A99--HPRC_DEEPCONSENSUS_v1pt2_2023_12_q20/HG02486/raw_data/PacBio_HiFi/deepconsensus/v1pt2/HG02486.m54329U_200313_161638.dc.q20.fastq.gz','s3://human-pangenomics/submissions/3A25CF8A-1F36-42EE-BC9F-D29CECAA2A99--HPRC_DEEPCONSENSUS_v1pt2_2023_12_q20/HG02486/raw_data/PacBio_HiFi/deepconsensus/v1pt2/HG02486.m54329U_200315_215927.dc.q20.fastq.gz','s3://human-pangenomics/submissions/3A25CF8A-1F36-42EE-BC9F-D29CECAA2A99--HPRC_DEEPCONSENSUS_v1pt2_2023_12_q20/HG02486/raw_data/PacBio_HiFi/deepconsensus/v1pt2/HG02486.m54329U_200317_041347.dc.q20.fastq.gz','s3://human-pangenomics/submissions/3A25CF8A-1F36-42EE-BC9F-D29CECAA2A99--HPRC_DEEPCONSENSUS_v1pt2_2023_12_q20/HG02486/raw_data/PacBio_HiFi/deepconsensus/v1pt2/HG02486.m54329U_200320_213710.dc.q20.fastq.gz','s3://human-pangenomics/submissions/3A25CF8A-1F36-42EE-BC9F-D29CECAA2A99--HPRC_DEEPCONSENSUS_v1pt2_2023_12_q20/HG02486/raw_data/PacBio_HiFi/deepconsensus/v1pt2/HG02486.m64076_200211_192227.dc.q20.fastq.gz','s3://human-pangenomics/submissions/4f8c8e63-dfd3-4f90-965f-8a8cf3ee4de9--UW_HPRC_HiFi_Y4_AND_Y3_Topoff/HG02486/m84046_230707_195504_s2.hifi_reads.bc2067.bam','s3://human-pangenomics/submissions/4f8c8e63-dfd3-4f90-965f-8a8cf3ee4de9--UW_HPRC_HiFi_Y4_AND_Y3_Topoff/HG02486/m84046_230707_202610_s3.hifi_reads.bc2067.bam']"
HG01891,['s3://human-pangenomics/working/HPRC/HG01891/raw_data/Illumina/child/HG01891.final.cram'],"['s3://human-pangenomics/submissions/3A25CF8A-1F36-42EE-BC9F-D29CECAA2A99--HPRC_DEEPCONSENSUS_v1pt2_2023_12_q20/HG01891/raw_data/PacBio_HiFi/deepconsensus/v1pt2/HG01891.m54329U_200124_193652.dc.q20.fastq.gz','s3://human-pangenomics/submissions/3A25CF8A-1F36-42EE-BC9F-D29CECAA2A99--HPRC_DEEPCONSENSUS_v1pt2_2023_12_q20/HG01891/raw_data/PacBio_HiFi/deepconsensus/v1pt2/HG01891.m54329U_200127_180554.dc.q20.fastq.gz','s3://human-pangenomics/submissions/3A25CF8A-1F36-42EE-BC9F-D29CECAA2A99--HPRC_DEEPCONSENSUS_v1pt2_2023_12_q20/HG01891/raw_data/PacBio_HiFi/deepconsensus/v1pt2/HG01891.m54329U_200129_001928.dc.q20.fastq.gz','s3://human-pangenomics/submissions/3A25CF8A-1F36-42EE-BC9F-D29CECAA2A99--HPRC_DEEPCONSENSUS_v1pt2_2023_12_q20/HG01891/raw_data/PacBio_HiFi/deepconsensus/v1pt2/HG01891.m54329U_200130_064539.dc.q20.fastq.gz','s3://human-pangenomics/submissions/4f8c8e63-dfd3-4f90-965f-8a8cf3ee4de9--UW_HPRC_HiFi_Y4_AND_Y3_Topoff/HG01891/m84046_230712_224626_s1.hifi_reads.bc2066.bam']"
HG02572,['s3://human-pangenomics/working/HPRC/HG02572/raw_data/Illumina/child/HG02572.final.cram'],"['s3://human-pangenomics/submissions/3A25CF8A-1F36-42EE-BC9F-D29CECAA2A99--HPRC_DEEPCONSENSUS_v1pt2_2023_12_q20/HG02572/raw_data/PacBio_HiFi/deepconsensus/v1pt2/HG02572.m54329U_200319_002813.dc.q20.fastq.gz','s3://human-pangenomics/submissions/3A25CF8A-1F36-42EE-BC9F-D29CECAA2A99--HPRC_DEEPCONSENSUS_v1pt2_2023_12_q20/HG02572/raw_data/PacBio_HiFi/deepconsensus/v1pt2/HG02572.m64076_200313_161705.dc.q20.fastq.gz','s3://human-pangenomics/submissions/3A25CF8A-1F36-42EE-BC9F-D29CECAA2A99--HPRC_DEEPCONSENSUS_v1pt2_2023_12_q20/HG02572/raw_data/PacBio_HiFi/deepconsensus/v1pt2/HG02572.m64076_200317_041201.dc.q20.fastq.gz','s3://human-pangenomics/submissions/3A25CF8A-1F36-42EE-BC9F-D29CECAA2A99--HPRC_DEEPCONSENSUS_v1pt2_2023_12_q20/HG02572/raw_data/PacBio_HiFi/deepconsensus/v1pt2/HG02572.m64076_200318_103811.dc.q20.fastq.gz','s3://human-pangenomics/submissions/4f8c8e63-dfd3-4f90-965f-8a8cf3ee4de9--UW_HPRC_HiFi_Y4_AND_Y3_Topoff/HG02572/m84046_230711_233802_s3.hifi_reads.default.bam']"
HG01258,['s3://human-pangenomics/working/HPRC/HG01258/raw_data/Illumina/child/HG01258.final.cram'],"['s3://human-pangenomics/submissions/3A25CF8A-1F36-42EE-BC9F-D29CECAA2A99--HPRC_DEEPCONSENSUS_v1pt2_2023_12_q20/HG01258/raw_data/PacBio_HiFi/deepconsensus/v1pt2/HG01258.m64076_200306_185917.dc.q20.fastq.gz','s3://human-pangenomics/submissions/3A25CF8A-1F36-42EE-BC9F-D29CECAA2A99--HPRC_DEEPCONSENSUS_v1pt2_2023_12_q20/HG01258/raw_data/PacBio_HiFi/deepconsensus/v1pt2/HG01258.m64076_200308_194406.dc.q20.fastq.gz','s3://human-pangenomics/submissions/3A25CF8A-1F36-42EE-BC9F-D29CECAA2A99--HPRC_DEEPCONSENSUS_v1pt2_2023_12_q20/HG01258/raw_data/PacBio_HiFi/deepconsensus/v1pt2/HG01258.m64076_200310_015720.dc.q20.fastq.gz','s3://human-pangenomics/submissions/3A25CF8A-1F36-42EE-BC9F-D29CECAA2A99--HPRC_DEEPCONSENSUS_v1pt2_2023_12_q20/HG01258/raw_data/PacBio_HiFi/deepconsensus/v1pt2/HG01258.m64076_200311_082315.dc.q20.fastq.gz','s3://human-pangenomics/submissions/4f8c8e63-dfd3-4f90-965f-8a8cf3ee4de9--UW_HPRC_HiFi_Y4_AND_Y3_Topoff/HG01258/m84046_231202_090949_s3.hifi_reads.bc2054.bam']"
HG02886,['s3://human-pangenomics/working/HPRC/HG02886/raw_data/Illumina/child/HG02886.final.cram'],"['s3://human-pangenomics/submissions/3A25CF8A-1F36-42EE-BC9F-D29CECAA2A99--HPRC_DEEPCONSENSUS_v1pt2_2023_12_q20/HG02886/raw_data/PacBio_HiFi/deepconsensus/v1pt2/HG02886.m64043_200410_214826.dc.q20.fastq.gz','s3://human-pangenomics/submissions/3A25CF8A-1F36-42EE-BC9F-D29CECAA2A99--HPRC_DEEPCONSENSUS_v1pt2_2023_12_q20/HG02886/raw_data/PacBio_HiFi/deepconsensus/v1pt2/HG02886.m64043_200412_040054.dc.q20.fastq.gz','s3://human-pangenomics/submissions/3A25CF8A-1F36-42EE-BC9F-D29CECAA2A99--HPRC_DEEPCONSENSUS_v1pt2_2023_12_q20/HG02886/raw_data/PacBio_HiFi/deepconsensus/v1pt2/HG02886.m64043_200413_102554.dc.q20.fastq.gz','s3://human-pangenomics/submissions/3A25CF8A-1F36-42EE-BC9F-D29CECAA2A99--HPRC_DEEPCONSENSUS_v1pt2_2023_12_q20/HG02886/raw_data/PacBio_HiFi/deepconsensus/v1pt2/HG02886.m64043_200414_165107.dc.q20.fastq.gz']"
HG02630,['s3://human-pangenomics/working/HPRC/HG02630/raw_data/Illumina/child/HG02630.final.cram'],"['s3://human-pangenomics/submissions/3A25CF8A-1F36-42EE-BC9F-D29CECAA2A99--HPRC_DEEPCONSENSUS_v1pt2_2023_12_q20/HG02630/raw_data/PacBio_HiFi/deepconsensus/v1pt2/HG02630.m64043_200501_162248.dc.q20.fastq.gz','s3://human-pangenomics/submissions/3A25CF8A-1F36-42EE-BC9F-D29CECAA2A99--HPRC_DEEPCONSENSUS_v1pt2_2023_12_q20/HG02630/raw_data/PacBio_HiFi/deepconsensus/v1pt2/HG02630.m64043_200502_223511.dc.q20.fastq.gz','s3://human-pangenomics/submissions/3A25CF8A-1F36-42EE-BC9F-D29CECAA2A99--HPRC_DEEPCONSENSUS_v1pt2_2023_12_q20/HG02630/raw_data/PacBio_HiFi/deepconsensus/v1pt2/HG02630.m64043_200504_050026.dc.q20.fastq.gz','s3://human-pangenomics/submissions/3A25CF8A-1F36-42EE-BC9F-D29CECAA2A99--HPRC_DEEPCONSENSUS_v1pt2_2023_12_q20/HG02630/raw_data/PacBio_HiFi/deepconsensus/v1pt2/HG02630.m64043_200505_112554.dc.q20.fastq.gz']"
HG02622,['s3://human-pangenomics/working/HPRC/HG02622/raw_data/Illumina/child/HG02622.final.cram'],"['s3://human-pangenomics/submissions/3A25CF8A-1F36-42EE-BC9F-D29CECAA2A99--HPRC_DEEPCONSENSUS_v1pt2_2023_12_q20/HG02622/raw_data/PacBio_HiFi/deepconsensus/v1pt2/HG02622.m64043_200530_164723.dc.q20.fastq.gz','s3://human-pangenomics/submissions/3A25CF8A-1F36-42EE-BC9F-D29CECAA2A99--HPRC_DEEPCONSENSUS_v1pt2_2023_12_q20/HG02622/raw_data/PacBio_HiFi/deepconsensus/v1pt2/HG02622.m64043_200601_191521.dc.q20.fastq.gz','s3://human-pangenomics/submissions/3A25CF8A-1F36-42EE-BC9F-D29CECAA2A99--HPRC_DEEPCONSENSUS_v1pt2_2023_12_q20/HG02622/raw_data/PacBio_HiFi/deepconsensus/v1pt2/HG02622.m64043_200603_012738.dc.q20.fastq.gz','s3://human-pangenomics/submissions/3A25CF8A-1F36-42EE-BC9F-D29CECAA2A99--HPRC_DEEPCONSENSUS_v1pt2_2023_12_q20/HG02622/raw_data/PacBio_HiFi/deepconsensus/v1pt2/HG02622.m64043_200604_075218.dc.q20.fastq.gz']"
HG03540,['s3://human-pangenomics/working/HPRC/HG03540/raw_data/Illumina/child/HG03540.final.cram'],"['s3://human-pangenomics/submissions/3A25CF8A-1F36-42EE-BC9F-D29CECAA2A99--HPRC_DEEPCONSENSUS_v1pt2_2023_12_q20/HG03540/raw_data/PacBio_HiFi/deepconsensus/v1pt2/HG03540.m64043_200521_171703.dc.q20.fastq.gz','s3://human-pangenomics/submissions/3A25CF8A-1F36-42EE-BC9F-D29CECAA2A99--HPRC_DEEPCONSENSUS_v1pt2_2023_12_q20/HG03540/raw_data/PacBio_HiFi/deepconsensus/v1pt2/HG03540.m64043_200522_232930.dc.q20.fastq.gz','s3://human-pangenomics/submissions/3A25CF8A-1F36-42EE-BC9F-D29CECAA2A99--HPRC_DEEPCONSENSUS_v1pt2_2023_12_q20/HG03540/raw_data/PacBio_HiFi/deepconsensus/v1pt2/HG03540.m64043_200524_055430.dc.q20.fastq.gz','s3://human-pangenomics/submissions/3A25CF8A-1F36-42EE-BC9F-D29CECAA2A99--HPRC_DEEPCONSENSUS_v1pt2_2023_12_q20/HG03540/raw_data/PacBio_HiFi/deepconsensus/v1pt2/HG03540.m64043_200525_121851.dc.q20.fastq.gz']"
HG03453,['s3://human-pangenomics/working/HPRC/HG03453/raw_data/Illumina/child/HG03453.final.cram'],"['s3://human-pangenomics/submissions/3A25CF8A-1F36-42EE-BC9F-D29CECAA2A99--HPRC_DEEPCONSENSUS_v1pt2_2023_12_q20/HG03453/raw_data/PacBio_HiFi/deepconsensus/v1pt2/HG03453.m64043_200508_172634.dc.q20.fastq.gz','s3://human-pangenomics/submissions/3A25CF8A-1F36-42EE-BC9F-D29CECAA2A99--HPRC_DEEPCONSENSUS_v1pt2_2023_12_q20/HG03453/raw_data/PacBio_HiFi/deepconsensus/v1pt2/HG03453.m64043_200509_233929.dc.q20.fastq.gz','s3://human-pangenomics/submissions/3A25CF8A-1F36-42EE-BC9F-D29CECAA2A99--HPRC_DEEPCONSENSUS_v1pt2_2023_12_q20/HG03453/raw_data/PacBio_HiFi/deepconsensus/v1pt2/HG03453.m64043_200511_060458.dc.q20.fastq.gz','s3://human-pangenomics/submissions/3A25CF8A-1F36-42EE-BC9F-D29CECAA2A99--HPRC_DEEPCONSENSUS_v1pt2_2023_12_q20/HG03453/raw_data/PacBio_HiFi/deepconsensus/v1pt2/HG03453.m64043_200512_123035.dc.q20.fastq.gz']"
HG02148,['s3://human-pangenomics/working/HPRC/HG02148/raw_data/Illumina/child/HG02148.final.cram'],"['s3://human-pangenomics/submissions/3A25CF8A-1F36-42EE-BC9F-D29CECAA2A99--HPRC_DEEPCONSENSUS_v1pt2_2023_12_q20/HG02148/raw_data/PacBio_HiFi/deepconsensus/v1pt2/HG02148.m64136_200618_202033.dc.q20.fastq.gz','s3://human-pangenomics/submissions/3A25CF8A-1F36-42EE-BC9F-D29CECAA2A99--HPRC_DEEPCONSENSUS_v1pt2_2023_12_q20/HG02148/raw_data/PacBio_HiFi/deepconsensus/v1pt2/HG02148.m64136_200620_173618.dc.q20.fastq.gz','s3://human-pangenomics/submissions/3A25CF8A-1F36-42EE-BC9F-D29CECAA2A99--HPRC_DEEPCONSENSUS_v1pt2_2023_12_q20/HG02148/raw_data/PacBio_HiFi/deepconsensus/v1pt2/HG02148.m64136_200621_234916.dc.q20.fastq.gz','s3://human-pangenomics/submissions/3A25CF8A-1F36-42EE-BC9F-D29CECAA2A99--HPRC_DEEPCONSENSUS_v1pt2_2023_12_q20/HG02148/raw_data/PacBio_HiFi/deepconsensus/v1pt2/HG02148.m64136_200623_061529.dc.q20.fastq.gz','s3://human-pangenomics/submissions/7acad60d-3d90-4dcf-9291-e2c679724df3--WUSTL_HPRC_HiFi_Year1_TopUp/HG02148/PacBio_HiFi/m84081_231222_081401_s1.hifi_reads.bc2023.bam','s3://human-pangenomics/submissions/7acad60d-3d90-4dcf-9291-e2c679724df3--WUSTL_HPRC_HiFi_Year1_TopUp/HG02148/PacBio_HiFi/m84081_231222_101332_s2.hifi_reads.bc2023.bam','s3://human-pangenomics/submissions/7acad60d-3d90-4dcf-9291-e2c679724df3--WUSTL_HPRC_HiFi_Year1_TopUp/HG02148/PacBio_HiFi/m84081_231222_121301_s3.hifi_reads.bc2023.bam','s3://human-pangenomics/submissions/7acad60d-3d90-4dcf-9291-e2c679724df3--WUSTL_HPRC_HiFi_Year1_TopUp/HG02148/PacBio_HiFi/m84081_231222_141231_s4.hifi_reads.bc2023.bam']"
HG01952,['s3://human-pangenomics/working/HPRC/HG01952/raw_data/Illumina/child/HG01952.final.cram'],"['s3://human-pangenomics/submissions/3A25CF8A-1F36-42EE-BC9F-D29CECAA2A99--HPRC_DEEPCONSENSUS_v1pt2_2023_12_q20/HG01952/raw_data/PacBio_HiFi/deepconsensus/v1pt2/HG01952.m64136_200612_201033.dc.q20.fastq.gz','s3://human-pangenomics/submissions/3A25CF8A-1F36-42EE-BC9F-D29CECAA2A99--HPRC_DEEPCONSENSUS_v1pt2_2023_12_q20/HG01952/raw_data/PacBio_HiFi/deepconsensus/v1pt2/HG01952.m64136_200614_192134.dc.q20.fastq.gz','s3://human-pangenomics/submissions/3A25CF8A-1F36-42EE-BC9F-D29CECAA2A99--HPRC_DEEPCONSENSUS_v1pt2_2023_12_q20/HG01952/raw_data/PacBio_HiFi/deepconsensus/v1pt2/HG01952.m64136_200616_013426.dc.q20.fastq.gz','s3://human-pangenomics/submissions/3A25CF8A-1F36-42EE-BC9F-D29CECAA2A99--HPRC_DEEPCONSENSUS_v1pt2_2023_12_q20/HG01952/raw_data/PacBio_HiFi/deepconsensus/v1pt2/HG01952.m64136_200617_080019.dc.q20.fastq.gz','s3://human-pangenomics/submissions/7acad60d-3d90-4dcf-9291-e2c679724df3--WUSTL_HPRC_HiFi_Year1_TopUp/HG01952/PacBio_HiFi/m84081_231222_081401_s1.hifi_reads.bc2029.bam','s3://human-pangenomics/submissions/7acad60d-3d90-4dcf-9291-e2c679724df3--WUSTL_HPRC_HiFi_Year1_TopUp/HG01952/PacBio_HiFi/m84081_231222_101332_s2.hifi_reads.bc2029.bam','s3://human-pangenomics/submissions/7acad60d-3d90-4dcf-9291-e2c679724df3--WUSTL_HPRC_HiFi_Year1_TopUp/HG01952/PacBio_HiFi/m84081_231222_121301_s3.hifi_reads.bc2029.bam','s3://human-pangenomics/submissions/7acad60d-3d90-4dcf-9291-e2c679724df3--WUSTL_HPRC_HiFi_Year1_TopUp/HG01952/PacBio_HiFi/m84081_231222_141231_s4.hifi_reads.bc2029.bam']"
HG01106,['s3://human-pangenomics/working/HPRC/HG01106/raw_data/Illumina/child/HG01106.final.cram'],"['s3://human-pangenomics/submissions/3A25CF8A-1F36-42EE-BC9F-D29CECAA2A99--HPRC_DEEPCONSENSUS_v1pt2_2023_12_q20/HG01106/raw_data/PacBio_HiFi/deepconsensus/v1pt2/HG01106.m64043_200625_174853.dc.q20.fastq.gz','s3://human-pangenomics/submissions/3A25CF8A-1F36-42EE-BC9F-D29CECAA2A99--HPRC_DEEPCONSENSUS_v1pt2_2023_12_q20/HG01106/raw_data/PacBio_HiFi/deepconsensus/v1pt2/HG01106.m64043_200627_000137.dc.q20.fastq.gz','s3://human-pangenomics/submissions/3A25CF8A-1F36-42EE-BC9F-D29CECAA2A99--HPRC_DEEPCONSENSUS_v1pt2_2023_12_q20/HG01106/raw_data/PacBio_HiFi/deepconsensus/v1pt2/HG01106.m64043_200628_062711.dc.q20.fastq.gz','s3://human-pangenomics/submissions/3A25CF8A-1F36-42EE-BC9F-D29CECAA2A99--HPRC_DEEPCONSENSUS_v1pt2_2023_12_q20/HG01106/raw_data/PacBio_HiFi/deepconsensus/v1pt2/HG01106.m64043_200629_125238.dc.q20.fastq.gz']"
HG01175,['s3://human-pangenomics/working/HPRC/HG01175/raw_data/Illumina/child/HG01175.final.cram'],"['s3://human-pangenomics/submissions/3A25CF8A-1F36-42EE-BC9F-D29CECAA2A99--HPRC_DEEPCONSENSUS_v1pt2_2023_12_q20/HG01175/raw_data/PacBio_HiFi/deepconsensus/v1pt2/HG01175.m64043_200618_201934.dc.q20.fastq.gz','s3://human-pangenomics/submissions/3A25CF8A-1F36-42EE-BC9F-D29CECAA2A99--HPRC_DEEPCONSENSUS_v1pt2_2023_12_q20/HG01175/raw_data/PacBio_HiFi/deepconsensus/v1pt2/HG01175.m64043_200620_173220.dc.q20.fastq.gz','s3://human-pangenomics/submissions/3A25CF8A-1F36-42EE-BC9F-D29CECAA2A99--HPRC_DEEPCONSENSUS_v1pt2_2023_12_q20/HG01175/raw_data/PacBio_HiFi/deepconsensus/v1pt2/HG01175.m64043_200621_234442.dc.q20.fastq.gz','s3://human-pangenomics/submissions/3A25CF8A-1F36-42EE-BC9F-D29CECAA2A99--HPRC_DEEPCONSENSUS_v1pt2_2023_12_q20/HG01175/raw_data/PacBio_HiFi/deepconsensus/v1pt2/HG01175.m64043_200623_060946.dc.q20.fastq.gz','s3://human-pangenomics/submissions/7acad60d-3d90-4dcf-9291-e2c679724df3--WUSTL_HPRC_HiFi_Year1_TopUp/HG01175/PacBio_HiFi/m84081_231222_081401_s1.hifi_reads.bc2025.bam','s3://human-pangenomics/submissions/7acad60d-3d90-4dcf-9291-e2c679724df3--WUSTL_HPRC_HiFi_Year1_TopUp/HG01175/PacBio_HiFi/m84081_231222_101332_s2.hifi_reads.bc2025.bam','s3://human-pangenomics/submissions/7acad60d-3d90-4dcf-9291-e2c679724df3--WUSTL_HPRC_HiFi_Year1_TopUp/HG01175/PacBio_HiFi/m84081_231222_121301_s3.hifi_reads.bc2025.bam','s3://human-pangenomics/submissions/7acad60d-3d90-4dcf-9291-e2c679724df3--WUSTL_HPRC_HiFi_Year1_TopUp/HG01175/PacBio_HiFi/m84081_231222_141231_s4.hifi_reads.bc2025.bam']"
HG00741,['s3://human-pangenomics/working/HPRC/HG00741/raw_data/Illumina/child/HG00741.final.cram'],"['s3://human-pangenomics/submissions/3A25CF8A-1F36-42EE-BC9F-D29CECAA2A99--HPRC_DEEPCONSENSUS_v1pt2_2023_12_q20/HG00741/raw_data/PacBio_HiFi/deepconsensus/v1pt2/HG00741.m64136_200625_174949.dc.q20.fastq.gz','s3://human-pangenomics/submissions/3A25CF8A-1F36-42EE-BC9F-D29CECAA2A99--HPRC_DEEPCONSENSUS_v1pt2_2023_12_q20/HG00741/raw_data/PacBio_HiFi/deepconsensus/v1pt2/HG00741.m64136_200627_000247.dc.q20.fastq.gz','s3://human-pangenomics/submissions/3A25CF8A-1F36-42EE-BC9F-D29CECAA2A99--HPRC_DEEPCONSENSUS_v1pt2_2023_12_q20/HG00741/raw_data/PacBio_HiFi/deepconsensus/v1pt2/HG00741.m64136_200628_062837.dc.q20.fastq.gz','s3://human-pangenomics/submissions/3A25CF8A-1F36-42EE-BC9F-D29CECAA2A99--HPRC_DEEPCONSENSUS_v1pt2_2023_12_q20/HG00741/raw_data/PacBio_HiFi/deepconsensus/v1pt2/HG00741.m64136_200629_125431.dc.q20.fastq.gz','s3://human-pangenomics/submissions/7acad60d-3d90-4dcf-9291-e2c679724df3--WUSTL_HPRC_HiFi_Year1_TopUp/HG00741/PacBio_HiFi/m84081_231222_081401_s1.hifi_reads.bc2024.bam','s3://human-pangenomics/submissions/7acad60d-3d90-4dcf-9291-e2c679724df3--WUSTL_HPRC_HiFi_Year1_TopUp/HG00741/PacBio_HiFi/m84081_231222_101332_s2.hifi_reads.bc2024.bam','s3://human-pangenomics/submissions/7acad60d-3d90-4dcf-9291-e2c679724df3--WUSTL_HPRC_HiFi_Year1_TopUp/HG00741/PacBio_HiFi/m84081_231222_121301_s3.hifi_reads.bc2024.bam','s3://human-pangenomics/submissions/7acad60d-3d90-4dcf-9291-e2c679724df3--WUSTL_HPRC_HiFi_Year1_TopUp/HG00741/PacBio_HiFi/m84081_231222_141231_s4.hifi_reads.bc2024.bam']"
HG00735,['s3://human-pangenomics/working/HPRC/HG00735/raw_data/Illumina/child/HG00735.final.cram'],"['s3://human-pangenomics/submissions/3A25CF8A-1F36-42EE-BC9F-D29CECAA2A99--HPRC_DEEPCONSENSUS_v1pt2_2023_12_q20/HG00735/raw_data/PacBio_HiFi/deepconsensus/v1pt2/HG00735.m64043_200702_173033.dc.q20.fastq.gz','s3://human-pangenomics/submissions/3A25CF8A-1F36-42EE-BC9F-D29CECAA2A99--HPRC_DEEPCONSENSUS_v1pt2_2023_12_q20/HG00735/raw_data/PacBio_HiFi/deepconsensus/v1pt2/HG00735.m64043_200703_234328.dc.q20.fastq.gz','s3://human-pangenomics/submissions/3A25CF8A-1F36-42EE-BC9F-D29CECAA2A99--HPRC_DEEPCONSENSUS_v1pt2_2023_12_q20/HG00735/raw_data/PacBio_HiFi/deepconsensus/v1pt2/HG00735.m64043_200705_060840.dc.q20.fastq.gz','s3://human-pangenomics/submissions/3A25CF8A-1F36-42EE-BC9F-D29CECAA2A99--HPRC_DEEPCONSENSUS_v1pt2_2023_12_q20/HG00735/raw_data/PacBio_HiFi/deepconsensus/v1pt2/HG00735.m64043_200706_123423.dc.q20.fastq.gz']"
HG00621,['s3://human-pangenomics/working/HPRC/HG00621/raw_data/Illumina/child/HG00621.final.cram'],"['s3://human-pangenomics/submissions/3A25CF8A-1F36-42EE-BC9F-D29CECAA2A99--HPRC_DEEPCONSENSUS_v1pt2_2023_12_q20/HG00621/raw_data/PacBio_HiFi/deepconsensus/v1pt2/HG00621.m64136_200710_174522.dc.q20.fastq.gz','s3://human-pangenomics/submissions/3A25CF8A-1F36-42EE-BC9F-D29CECAA2A99--HPRC_DEEPCONSENSUS_v1pt2_2023_12_q20/HG00621/raw_data/PacBio_HiFi/deepconsensus/v1pt2/HG00621.m64136_200711_235843.dc.q20.fastq.gz','s3://human-pangenomics/submissions/3A25CF8A-1F36-42EE-BC9F-D29CECAA2A99--HPRC_DEEPCONSENSUS_v1pt2_2023_12_q20/HG00621/raw_data/PacBio_HiFi/deepconsensus/v1pt2/HG00621.m64136_200713_062514.dc.q20.fastq.gz','s3://human-pangenomics/submissions/3A25CF8A-1F36-42EE-BC9F-D29CECAA2A99--HPRC_DEEPCONSENSUS_v1pt2_2023_12_q20/HG00621/raw_data/PacBio_HiFi/deepconsensus/v1pt2/HG00621.m64136_200714_125149.dc.q20.fastq.gz','s3://human-pangenomics/submissions/7acad60d-3d90-4dcf-9291-e2c679724df3--WUSTL_HPRC_HiFi_Year1_TopUp/HG00621/PacBio_HiFi/m84081_231222_081401_s1.hifi_reads.bc2027.bam','s3://human-pangenomics/submissions/7acad60d-3d90-4dcf-9291-e2c679724df3--WUSTL_HPRC_HiFi_Year1_TopUp/HG00621/PacBio_HiFi/m84081_231222_101332_s2.hifi_reads.bc2027.bam','s3://human-pangenomics/submissions/7acad60d-3d90-4dcf-9291-e2c679724df3--WUSTL_HPRC_HiFi_Year1_TopUp/HG00621/PacBio_HiFi/m84081_231222_121301_s3.hifi_reads.bc2027.bam','s3://human-pangenomics/submissions/7acad60d-3d90-4dcf-9291-e2c679724df3--WUSTL_HPRC_HiFi_Year1_TopUp/HG00621/PacBio_HiFi/m84081_231222_141231_s4.hifi_reads.bc2027.bam']"
