sample_id,hap1_aws_fasta,hap2_aws_fasta,maternal_id,paternal_id,child_ilmn,mat_ilmn,pat_ilmn,maternalYak,paternalYak,referenceFasta
HG00438,s3://human-pangenomics/working/HPRC/HG00438/assemblies/year1_f1_assembly_v2_genbank/HG00438.paternal.f1_assembly_v2_genbank.fa.gz,s3://human-pangenomics/working/HPRC/HG00438/assemblies/year1_f1_assembly_v2_genbank/HG00438.maternal.f1_assembly_v2_genbank.fa.gz,HG00436,HG00437,['s3://human-pangenomics/working/HPRC/HG00438/raw_data/Illumina/child/HG00438.final.cram'],['s3://human-pangenomics/working/HPRC/HG00438/raw_data/Illumina/parents/HG00437/HG00437.final.cram'],['s3://human-pangenomics/working/HPRC/HG00438/raw_data/Illumina/parents/HG00436/HG00436.final.cram'],/private/groups/hprc/assembly/batch6/HG00438/analysis/trio_hifiasm_assembly_cutadapt_multistep_outputs/46f078b3-c7f8-425d-a4bc-7681c443bd92/HG00436.yak,/private/groups/hprc/assembly/batch6/HG00438/analysis/trio_hifiasm_assembly_cutadapt_multistep_outputs/9c5adb4e-102a-4357-bf90-2394df5f7f5a/HG00437.yak,/private/groups/hprc/ref_files/grch38/hs38DH.fa
HG00621,s3://human-pangenomics/working/HPRC/HG00621/assemblies/year1_f1_assembly_v2_genbank/HG00621.paternal.f1_assembly_v2_genbank.fa.gz,s3://human-pangenomics/working/HPRC/HG00621/assemblies/year1_f1_assembly_v2_genbank/HG00621.maternal.f1_assembly_v2_genbank.fa.gz,HG00620,HG00619,['s3://human-pangenomics/working/HPRC/HG00621/raw_data/Illumina/child/HG00621.final.cram'],['s3://human-pangenomics/working/HPRC/HG00621/raw_data/Illumina/parents/HG00620/HG00620.final.cram'],['s3://human-pangenomics/working/HPRC/HG00621/raw_data/Illumina/parents/HG00619/HG00619.final.cram'],/private/groups/hprc/assembly/batch3/HG00621/analysis/assembly/HG00620.yak,/private/groups/hprc/assembly/batch3/HG00621/analysis/assembly/HG00619.yak,/private/groups/hprc/ref_files/grch38/hs38DH.fa
HG00673,s3://human-pangenomics/working/HPRC/HG00673/assemblies/year1_f1_assembly_v2_genbank/HG00673.paternal.f1_assembly_v2_genbank.fa.gz,s3://human-pangenomics/working/HPRC/HG00673/assemblies/year1_f1_assembly_v2_genbank/HG00673.maternal.f1_assembly_v2_genbank.fa.gz,HG00671,HG00672,['s3://human-pangenomics/working/HPRC/HG00673/raw_data/Illumina/child/HG00673.final.cram'],['s3://human-pangenomics/working/HPRC/HG00673/raw_data/Illumina/parents/HG00672/HG00672.final.cram'],['s3://human-pangenomics/working/HPRC/HG00673/raw_data/Illumina/parents/HG00671/HG00671.final.cram'],/private/groups/hprc/assembly/batch6/HG00673/analysis/trio_hifiasm_assembly_cutadapt_multistep_outputs/f61afab1-cf34-4798-a868-d3bed1e6664f/HG00671.yak,/private/groups/hprc/assembly/batch6/HG00673/analysis/trio_hifiasm_assembly_cutadapt_multistep_outputs/38410dc1-24ef-4bf5-b43a-3a0a4e6cac4b/HG00672.yak,/private/groups/hprc/ref_files/grch38/hs38DH.fa
HG00735,s3://human-pangenomics/working/HPRC/HG00735/assemblies/year1_f1_assembly_v2_genbank/HG00735.paternal.f1_assembly_v2_genbank.fa.gz,s3://human-pangenomics/working/HPRC/HG00735/assemblies/year1_f1_assembly_v2_genbank/HG00735.maternal.f1_assembly_v2_genbank.fa.gz,HG00734,HG01047,['s3://human-pangenomics/working/HPRC/HG00735/raw_data/Illumina/child/HG00735.final.cram'],['s3://human-pangenomics/working/HPRC/HG00735/raw_data/Illumina/parents/HG00734/HG00734.final.cram'],['s3://human-pangenomics/working/HPRC/HG00735/raw_data/Illumina/parents/HG01047/HG01047.final.cram'],/private/groups/hprc/assembly/batch3/HG00735/analysis/assembly/HG00734.yak,/private/groups/hprc/assembly/batch3/HG00735/analysis/assembly/HG01047.yak,/private/groups/hprc/ref_files/grch38/hs38DH.fa
HG00741,s3://human-pangenomics/working/HPRC/HG00741/assemblies/year1_f1_assembly_v2_genbank/HG00741.paternal.f1_assembly_v2_genbank.fa.gz,s3://human-pangenomics/working/HPRC/HG00741/assemblies/year1_f1_assembly_v2_genbank/HG00741.maternal.f1_assembly_v2_genbank.fa.gz,HG00740,HG00739,['s3://human-pangenomics/working/HPRC/HG00741/raw_data/Illumina/child/HG00741.final.cram'],['s3://human-pangenomics/working/HPRC/HG00741/raw_data/Illumina/parents/HG00740/HG00740.final.cram'],['s3://human-pangenomics/working/HPRC/HG00741/raw_data/Illumina/parents/HG00739/HG00739.final.cram'],/private/groups/hprc/assembly/batch3/HG00741/analysis/assembly/HG00740.yak,/private/groups/hprc/assembly/batch3/HG00741/analysis/assembly/HG00739.yak,/private/groups/hprc/ref_files/grch38/hs38DH.fa
HG01071,s3://human-pangenomics/working/HPRC/HG01071/assemblies/year1_f1_assembly_v2_genbank/HG01071.paternal.f1_assembly_v2_genbank.fa.gz,s3://human-pangenomics/working/HPRC/HG01071/assemblies/year1_f1_assembly_v2_genbank/HG01071.maternal.f1_assembly_v2_genbank.fa.gz,HG01069,HG01070,['s3://human-pangenomics/working/HPRC/HG01071/raw_data/Illumina/child/HG01071.final.cram'],['s3://human-pangenomics/working/HPRC/HG01071/raw_data/Illumina/parents/HG01070/HG01070.final.cram'],['s3://human-pangenomics/working/HPRC/HG01071/raw_data/Illumina/parents/HG01069/HG01069.final.cram'],/private/groups/hprc/assembly/batch6/HG01071/analysis/trio_hifiasm_assembly_cutadapt_multistep_outputs/f1ee8133-6f6e-4d13-a85a-8cb8821cde17/HG01069.yak,/private/groups/hprc/assembly/batch6/HG01071/analysis/trio_hifiasm_assembly_cutadapt_multistep_outputs/7d419777-a3c4-4380-8134-badd6022e6b1/HG01070.yak,/private/groups/hprc/ref_files/grch38/hs38DH.fa
HG01106,s3://human-pangenomics/working/HPRC/HG01106/assemblies/year1_f1_assembly_v2_genbank/HG01106.paternal.f1_assembly_v2_genbank.fa.gz,s3://human-pangenomics/working/HPRC/HG01106/assemblies/year1_f1_assembly_v2_genbank/HG01106.maternal.f1_assembly_v2_genbank.fa.gz,HG01105,HG01104,['s3://human-pangenomics/working/HPRC/HG01106/raw_data/Illumina/child/HG01106.final.cram'],['s3://human-pangenomics/working/HPRC/HG01106/raw_data/Illumina/parents/HG01105/HG01105.final.cram'],['s3://human-pangenomics/working/HPRC/HG01106/raw_data/Illumina/parents/HG01104/HG01104.final.cram'],/private/groups/hprc/assembly/batch3/HG01106/analysis/assembly/HG01105.yak,/private/groups/hprc/assembly/batch3/HG01106/analysis/assembly/HG01104.yak,/private/groups/hprc/ref_files/grch38/hs38DH.fa
HG01123,s3://human-pangenomics/working/HPRC/HG01123/assemblies/year1_f1_assembly_v2_genbank/HG01123.paternal.f1_assembly_v2_genbank.fa.gz,s3://human-pangenomics/working/HPRC/HG01123/assemblies/year1_f1_assembly_v2_genbank/HG01123.maternal.f1_assembly_v2_genbank.fa.gz,HG01122,HG01121,"['s3://human-pangenomics/submissions/30E441F3-6820-4BF6-BCF4-E64D56C8D6A4--TRUSEQ/HG01123/raw_data/Illumina/child/HG01123-111121_S1_L001_R1_001.fastq.gz','s3://human-pangenomics/submissions/30E441F3-6820-4BF6-BCF4-E64D56C8D6A4--TRUSEQ/HG01123/raw_data/Illumina/child/HG01123-111121_S1_L001_R2_001.fastq.gz']",['s3://human-pangenomics/working/HPRC/HG01123/raw_data/Illumina/parents/HG01122/HG01122.final.cram'],['s3://human-pangenomics/working/HPRC/HG01123/raw_data/Illumina/parents/HG01121/HG01121.final.cram'],/private/groups/hprc/assembly/batch6/HG01123/analysis/trio_hifiasm_assembly_cutadapt_multistep_outputs/1e370bfd-1700-419f-b0e2-42c681c6c10d/HG01122.yak,/private/groups/hprc/assembly/batch6/HG01123/analysis/trio_hifiasm_assembly_cutadapt_multistep_outputs/8e4a7ff6-117a-4f86-bc84-606885317922/HG01121.yak,/private/groups/hprc/ref_files/grch38/hs38DH.fa
HG01175,s3://human-pangenomics/working/HPRC/HG01175/assemblies/year1_f1_assembly_v2_genbank/HG01175.paternal.f1_assembly_v2_genbank.fa.gz,s3://human-pangenomics/working/HPRC/HG01175/assemblies/year1_f1_assembly_v2_genbank/HG01175.maternal.f1_assembly_v2_genbank.fa.gz,HG01174,HG01173,['s3://human-pangenomics/working/HPRC/HG01175/raw_data/Illumina/child/HG01175.final.cram'],['s3://human-pangenomics/working/HPRC/HG01175/raw_data/Illumina/parents/HG01174/HG01174.final.cram'],['s3://human-pangenomics/working/HPRC/HG01175/raw_data/Illumina/parents/HG01173/HG01173.final.cram'],/private/groups/hprc/assembly/batch3/HG01175/analysis/assembly/HG01174.yak,/private/groups/hprc/assembly/batch3/HG01175/analysis/assembly/HG01173.yak,/private/groups/hprc/ref_files/grch38/hs38DH.fa
HG01258,s3://human-pangenomics/working/HPRC/HG01258/assemblies/year1_f1_assembly_v2_genbank/HG01258.paternal.f1_assembly_v2_genbank.fa.gz,s3://human-pangenomics/working/HPRC/HG01258/assemblies/year1_f1_assembly_v2_genbank/HG01258.maternal.f1_assembly_v2_genbank.fa.gz,HG01257,HG01256,['s3://human-pangenomics/working/HPRC/HG01258/raw_data/Illumina/child/HG01258.final.cram'],['s3://human-pangenomics/working/HPRC/HG01258/raw_data/Illumina/parents/HG01257/HG01257.final.cram'],['s3://human-pangenomics/working/HPRC/HG01258/raw_data/Illumina/parents/HG01256/HG01256.final.cram'],/private/groups/hprc/assembly/batch3/HG01258/analysis/assembly/HG01257.yak,/private/groups/hprc/assembly/batch3/HG01258/analysis/assembly/HG01256.yak,/private/groups/hprc/ref_files/grch38/hs38DH.fa
HG01358,s3://human-pangenomics/working/HPRC/HG01358/assemblies/year1_f1_assembly_v2_genbank/HG01358.paternal.f1_assembly_v2_genbank.fa.gz,s3://human-pangenomics/working/HPRC/HG01358/assemblies/year1_f1_assembly_v2_genbank/HG01358.maternal.f1_assembly_v2_genbank.fa.gz,HG01356,HG01357,['s3://human-pangenomics/working/HPRC/HG01358/raw_data/Illumina/child/HG01358.final.cram'],['s3://human-pangenomics/working/HPRC/HG01358/raw_data/Illumina/parents/HG01357/HG01357.final.cram'],['s3://human-pangenomics/working/HPRC/HG01358/raw_data/Illumina/parents/HG01356/HG01356.final.cram'],/private/groups/hprc/assembly/batch6/HG01358/analysis/trio_hifiasm_assembly_cutadapt_multistep_outputs/e4e70d93-681a-4068-999a-eee3f716bef5/HG01356.yak,/private/groups/hprc/assembly/batch6/HG01358/analysis/trio_hifiasm_assembly_cutadapt_multistep_outputs/89652444-0520-4d3c-8078-3804a59b8303/HG01357.yak,/private/groups/hprc/ref_files/grch38/hs38DH.fa
HG01361,s3://human-pangenomics/working/HPRC/HG01361/assemblies/year1_f1_assembly_v2_genbank/HG01361.paternal.f1_assembly_v2_genbank.fa.gz,s3://human-pangenomics/working/HPRC/HG01361/assemblies/year1_f1_assembly_v2_genbank/HG01361.maternal.f1_assembly_v2_genbank.fa.gz,HG01359,HG01360,['s3://human-pangenomics/working/HPRC/HG01361/raw_data/Illumina/child/HG01361.final.cram'],['s3://human-pangenomics/working/HPRC/HG01361/raw_data/Illumina/parents/HG01360/HG01360.final.cram'],['s3://human-pangenomics/working/HPRC/HG01361/raw_data/Illumina/parents/HG01359/HG01359.final.cram'],/private/groups/hprc/assembly/batch6/HG01361/analysis/trio_hifiasm_assembly_cutadapt_multistep_outputs/5d6ca6cd-fcb6-47ba-951c-e4a56994dabd/HG01359.yak,/private/groups/hprc/assembly/batch6/HG01361/analysis/trio_hifiasm_assembly_cutadapt_multistep_outputs/d0e872cb-47eb-49d1-a5f3-abda4a89c2cb/HG01360.yak,/private/groups/hprc/ref_files/grch38/hs38DH.fa
HG01891,s3://human-pangenomics/working/HPRC/HG01891/assemblies/year1_f1_assembly_v2_genbank/HG01891.paternal.f1_assembly_v2_genbank.fa.gz,s3://human-pangenomics/working/HPRC/HG01891/assemblies/year1_f1_assembly_v2_genbank/HG01891.maternal.f1_assembly_v2_genbank.fa.gz,HG01889,HG01890,['s3://human-pangenomics/working/HPRC/HG01891/raw_data/Illumina/child/HG01891.final.cram'],['s3://human-pangenomics/working/HPRC/HG01891/raw_data/Illumina/parents/HG01889/HG01889.final.cram'],['s3://human-pangenomics/working/HPRC/HG01891/raw_data/Illumina/parents/HG01890/HG01890.final.cram'],/private/groups/hprc/assembly/batch3/HG01891/analysis/assembly/HG01889.yak,/private/groups/hprc/assembly/batch3/HG01891/analysis/assembly/HG01890.yak,/private/groups/hprc/ref_files/grch38/hs38DH.fa
HG01928,s3://human-pangenomics/working/HPRC/HG01928/assemblies/year1_f1_assembly_v2_genbank/HG01928.paternal.f1_assembly_v2_genbank.fa.gz,s3://human-pangenomics/working/HPRC/HG01928/assemblies/year1_f1_assembly_v2_genbank/HG01928.maternal.f1_assembly_v2_genbank.fa.gz,HG01926,HG01927,['s3://human-pangenomics/working/HPRC/HG01928/raw_data/Illumina/child/HG01928.final.cram'],['s3://human-pangenomics/working/HPRC/HG01928/raw_data/Illumina/parents/HG01927/HG01927.final.cram'],['s3://human-pangenomics/working/HPRC/HG01928/raw_data/Illumina/parents/HG01926/HG01926.final.cram'],/private/groups/hprc/assembly/batch6/HG01928/analysis/trio_hifiasm_assembly_cutadapt_multistep_outputs/5db1d4b4-e585-4b2c-b5e7-7c413fe12db9/HG01926.yak,/private/groups/hprc/assembly/batch6/HG01928/analysis/trio_hifiasm_assembly_cutadapt_multistep_outputs/cfd61f22-bf2d-461b-b340-c88e669ec1e9/HG01927.yak,/private/groups/hprc/ref_files/grch38/hs38DH.fa
HG01952,s3://human-pangenomics/working/HPRC/HG01952/assemblies/year1_f1_assembly_v2_genbank/HG01952.paternal.f1_assembly_v2_genbank.fa.gz,s3://human-pangenomics/working/HPRC/HG01952/assemblies/year1_f1_assembly_v2_genbank/HG01952.maternal.f1_assembly_v2_genbank.fa.gz,HG01951,HG01950,['s3://human-pangenomics/working/HPRC/HG01952/raw_data/Illumina/child/HG01952.final.cram'],['s3://human-pangenomics/working/HPRC/HG01952/raw_data/Illumina/parents/HG01951/HG01951.final.cram'],['s3://human-pangenomics/working/HPRC/HG01952/raw_data/Illumina/parents/HG01950/HG01950.final.cram'],/private/groups/hprc/assembly/batch3/HG01952/analysis/assembly/HG01951.yak,/private/groups/hprc/assembly/batch3/HG01952/analysis/assembly/HG01950.yak,/private/groups/hprc/ref_files/grch38/hs38DH.fa
HG01978,s3://human-pangenomics/working/HPRC/HG01978/assemblies/year1_f1_assembly_v2_genbank/HG01978.paternal.f1_assembly_v2_genbank.fa.gz,s3://human-pangenomics/working/HPRC/HG01978/assemblies/year1_f1_assembly_v2_genbank/HG01978.maternal.f1_assembly_v2_genbank.fa.gz,HG01977,HG01976,['s3://human-pangenomics/working/HPRC/HG01978/raw_data/Illumina/child/HG01978.final.cram'],['s3://human-pangenomics/working/HPRC/HG01978/raw_data/Illumina/parents/HG01976/HG01976.final.cram'],['s3://human-pangenomics/working/HPRC/HG01978/raw_data/Illumina/parents/HG01977/HG01977.final.cram'],/private/groups/hprc/assembly/batch6/HG01978/analysis/trio_hifiasm_assembly_cutadapt_multistep_outputs/2874baa1-2e73-4c02-a3cd-2e6c82a2ea61/HG01977.yak,/private/groups/hprc/assembly/batch6/HG01978/analysis/trio_hifiasm_assembly_cutadapt_multistep_outputs/725c307c-449a-400a-837c-0260c584347d/HG01976.yak,/private/groups/hprc/ref_files/grch38/hs38DH.fa
HG02148,s3://human-pangenomics/working/HPRC/HG02148/assemblies/year1_f1_assembly_v2_genbank/HG02148.paternal.f1_assembly_v2_genbank.fa.gz,s3://human-pangenomics/working/HPRC/HG02148/assemblies/year1_f1_assembly_v2_genbank/HG02148.maternal.f1_assembly_v2_genbank.fa.gz,HG02147,HG02146,['s3://human-pangenomics/working/HPRC/HG02148/raw_data/Illumina/child/HG02148.final.cram'],['s3://human-pangenomics/working/HPRC/HG02148/raw_data/Illumina/parents/HG02147/HG02147.final.cram'],['s3://human-pangenomics/working/HPRC/HG02148/raw_data/Illumina/parents/HG02146/HG02146.final.cram'],/private/groups/hprc/assembly/batch3/HG02148/analysis/assembly/HG02147.yak,/private/groups/hprc/assembly/batch3/HG02148/analysis/assembly/HG02146.yak,/private/groups/hprc/ref_files/grch38/hs38DH.fa
HG02257,s3://human-pangenomics/working/HPRC/HG02257/assemblies/year1_f1_assembly_v2_genbank/HG02257.paternal.f1_assembly_v2_genbank.fa.gz,s3://human-pangenomics/working/HPRC/HG02257/assemblies/year1_f1_assembly_v2_genbank/HG02257.maternal.f1_assembly_v2_genbank.fa.gz,HG02255,HG02256,['s3://human-pangenomics/working/HPRC/HG02257/raw_data/Illumina/child/HG02257.final.cram'],['s3://human-pangenomics/working/HPRC/HG02257/raw_data/Illumina/parents/HG02256/HG02256.final.cram'],['s3://human-pangenomics/working/HPRC/HG02257/raw_data/Illumina/parents/HG02255/HG02255.final.cram'],/private/groups/hprc/assembly/batch6/HG02257/analysis/trio_hifiasm_assembly_cutadapt_multistep_outputs/064de5dc-001f-4336-9470-21632625162c/HG02255.yak,/private/groups/hprc/assembly/batch6/HG02257/analysis/trio_hifiasm_assembly_cutadapt_multistep_outputs/0c649fa6-5aa8-410f-987b-bf47d5377e5f/HG02256.yak,/private/groups/hprc/ref_files/grch38/hs38DH.fa
HG02486,s3://human-pangenomics/working/HPRC/HG02486/assemblies/year1_f1_assembly_v2_genbank/HG02486.paternal.f1_assembly_v2_genbank.fa.gz,s3://human-pangenomics/working/HPRC/HG02486/assemblies/year1_f1_assembly_v2_genbank/HG02486.maternal.f1_assembly_v2_genbank.fa.gz,HG02485,HG02484,"['s3://human-pangenomics/submissions/30E441F3-6820-4BF6-BCF4-E64D56C8D6A4--TRUSEQ/HG02486/raw_data/Illumina/child/HG02486-111121_S6_L002_R1_001.fastq.gz','s3://human-pangenomics/submissions/30E441F3-6820-4BF6-BCF4-E64D56C8D6A4--TRUSEQ/HG02486/raw_data/Illumina/child/HG02486-111121_S6_L002_R2_001.fastq.gz']",['s3://human-pangenomics/working/HPRC/HG02486/raw_data/Illumina/parents/HG02485/HG02485.final.cram'],['s3://human-pangenomics/working/HPRC/HG02486/raw_data/Illumina/parents/HG02484/HG02484.final.cram'],/private/groups/hprc/assembly/batch3/HG02486/analysis/assembly/HG02485.yak,/private/groups/hprc/assembly/batch3/HG02486/analysis/assembly/HG02484.yak,/private/groups/hprc/ref_files/grch38/hs38DH.fa
HG02559,s3://human-pangenomics/working/HPRC/HG02559/assemblies/year1_f1_assembly_v2_genbank/HG02559.paternal.f1_assembly_v2_genbank.fa.gz,s3://human-pangenomics/working/HPRC/HG02559/assemblies/year1_f1_assembly_v2_genbank/HG02559.maternal.f1_assembly_v2_genbank.fa.gz,HG02558,HG02557,"['s3://human-pangenomics/submissions/30E441F3-6820-4BF6-BCF4-E64D56C8D6A4--TRUSEQ/HG02559/raw_data/Illumina/child/HG02559-111121_S3_L001_R1_001.fastq.gz','s3://human-pangenomics/submissions/30E441F3-6820-4BF6-BCF4-E64D56C8D6A4--TRUSEQ/HG02559/raw_data/Illumina/child/HG02559-111121_S3_L001_R2_001.fastq.gz','s3://human-pangenomics/submissions/30E441F3-6820-4BF6-BCF4-E64D56C8D6A4--TRUSEQ/HG02559/raw_data/Illumina/child/HG02599_S18_L001_R1_001.fastq.gz','s3://human-pangenomics/submissions/30E441F3-6820-4BF6-BCF4-E64D56C8D6A4--TRUSEQ/HG02559/raw_data/Illumina/child/HG02599_S18_L001_R2_001.fastq.gz','s3://human-pangenomics/submissions/30E441F3-6820-4BF6-BCF4-E64D56C8D6A4--TRUSEQ/HG02559/raw_data/Illumina/child/HG02599_S18_L002_R1_001.fastq.gz','s3://human-pangenomics/submissions/30E441F3-6820-4BF6-BCF4-E64D56C8D6A4--TRUSEQ/HG02559/raw_data/Illumina/child/HG02599_S18_L002_R2_001.fastq.gz','s3://human-pangenomics/submissions/30E441F3-6820-4BF6-BCF4-E64D56C8D6A4--TRUSEQ/HG02559/raw_data/Illumina/child/HG02599_S18_L003_R1_001.fastq.gz','s3://human-pangenomics/submissions/30E441F3-6820-4BF6-BCF4-E64D56C8D6A4--TRUSEQ/HG02559/raw_data/Illumina/child/HG02599_S18_L003_R2_001.fastq.gz','s3://human-pangenomics/submissions/30E441F3-6820-4BF6-BCF4-E64D56C8D6A4--TRUSEQ/HG02559/raw_data/Illumina/child/HG02599_S18_L004_R1_001.fastq.gz','s3://human-pangenomics/submissions/30E441F3-6820-4BF6-BCF4-E64D56C8D6A4--TRUSEQ/HG02559/raw_data/Illumina/child/HG02599_S18_L004_R2_001.fastq.gz']",['s3://human-pangenomics/working/HPRC/HG02559/raw_data/Illumina/parents/HG02558/HG02558.final.cram'],['s3://human-pangenomics/working/HPRC/HG02559/raw_data/Illumina/parents/HG02557/HG02557.final.cram'],/private/groups/hprc/assembly/batch3/HG02559/analysis/assembly/HG02558.yak,/private/groups/hprc/assembly/batch3/HG02559/analysis/assembly/HG02557.yak,/private/groups/hprc/ref_files/grch38/hs38DH.fa
HG02572,s3://human-pangenomics/working/HPRC/HG02572/assemblies/year1_f1_assembly_v2_genbank/HG02572.paternal.f1_assembly_v2_genbank.fa.gz,s3://human-pangenomics/working/HPRC/HG02572/assemblies/year1_f1_assembly_v2_genbank/HG02572.maternal.f1_assembly_v2_genbank.fa.gz,HG02571,HG02570,['s3://human-pangenomics/working/HPRC/HG02572/raw_data/Illumina/child/HG02572.final.cram'],['s3://human-pangenomics/working/HPRC/HG02572/raw_data/Illumina/parents/HG02571/HG02571.final.cram'],['s3://human-pangenomics/working/HPRC/HG02572/raw_data/Illumina/parents/HG02570/HG02570.final.cram'],/private/groups/hprc/assembly/batch3/HG02572/analysis/assembly/HG02571.yak,/private/groups/hprc/assembly/batch3/HG02572/analysis/assembly/HG02570.yak,/private/groups/hprc/ref_files/grch38/hs38DH.fa
HG02622,s3://human-pangenomics/working/HPRC/HG02622/assemblies/year1_f1_assembly_v2_genbank/HG02622.paternal.f1_assembly_v2_genbank.fa.gz,s3://human-pangenomics/working/HPRC/HG02622/assemblies/year1_f1_assembly_v2_genbank/HG02622.maternal.f1_assembly_v2_genbank.fa.gz,HG02621,HG02620,['s3://human-pangenomics/working/HPRC/HG02622/raw_data/Illumina/child/HG02622.final.cram'],['s3://human-pangenomics/working/HPRC/HG02622/raw_data/Illumina/parents/HG02621/HG02621.final.cram'],['s3://human-pangenomics/working/HPRC/HG02622/raw_data/Illumina/parents/HG02620/HG02620.final.cram'],/private/groups/hprc/assembly/batch3/HG02622/analysis/assembly/HG02621.yak,/private/groups/hprc/assembly/batch3/HG02622/analysis/assembly/HG02620.yak,/private/groups/hprc/ref_files/grch38/hs38DH.fa
HG02630,s3://human-pangenomics/working/HPRC/HG02630/assemblies/year1_f1_assembly_v2_genbank/HG02630.paternal.f1_assembly_v2_genbank.fa.gz,s3://human-pangenomics/working/HPRC/HG02630/assemblies/year1_f1_assembly_v2_genbank/HG02630.maternal.f1_assembly_v2_genbank.fa.gz,HG02629,HG02628,['s3://human-pangenomics/working/HPRC/HG02630/raw_data/Illumina/child/HG02630.final.cram'],['s3://human-pangenomics/working/HPRC/HG02630/raw_data/Illumina/parents/HG02629/HG02629.final.cram'],['s3://human-pangenomics/working/HPRC/HG02630/raw_data/Illumina/parents/HG02628/HG02628.final.cram'],/private/groups/hprc/assembly/batch3/HG02630/analysis/assembly/HG02629.yak,/private/groups/hprc/assembly/batch3/HG02630/analysis/assembly/HG02628.yak,/private/groups/hprc/ref_files/grch38/hs38DH.fa
HG02717,s3://human-pangenomics/working/HPRC/HG02717/assemblies/year1_f1_assembly_v2_genbank/HG02717.paternal.f1_assembly_v2_genbank.fa.gz,s3://human-pangenomics/working/HPRC/HG02717/assemblies/year1_f1_assembly_v2_genbank/HG02717.maternal.f1_assembly_v2_genbank.fa.gz,HG02715,HG02716,['s3://human-pangenomics/working/HPRC/HG02717/raw_data/Illumina/child/HG02717.final.cram'],['s3://human-pangenomics/working/HPRC/HG02717/raw_data/Illumina/parents/HG02716/HG02716.final.cram'],['s3://human-pangenomics/working/HPRC/HG02717/raw_data/Illumina/parents/HG02715/HG02715.final.cram'],/private/groups/hprc/assembly/batch6/HG02717/analysis/trio_hifiasm_assembly_cutadapt_multistep_outputs/fabffa32-5036-4526-92c2-4d1236ad2444/HG02715.yak,/private/groups/hprc/assembly/batch6/HG02717/analysis/trio_hifiasm_assembly_cutadapt_multistep_outputs/b8115302-8e65-4f0e-b088-92a288dcdb05/HG02716.yak,/private/groups/hprc/ref_files/grch38/hs38DH.fa
HG02886,s3://human-pangenomics/working/HPRC/HG02886/assemblies/year1_f1_assembly_v2_genbank/HG02886.paternal.f1_assembly_v2_genbank.fa.gz,s3://human-pangenomics/working/HPRC/HG02886/assemblies/year1_f1_assembly_v2_genbank/HG02886.maternal.f1_assembly_v2_genbank.fa.gz,HG02885,HG02884,['s3://human-pangenomics/working/HPRC/HG02886/raw_data/Illumina/child/HG02886.final.cram'],['s3://human-pangenomics/working/HPRC/HG02886/raw_data/Illumina/parents/HG02885/HG02885.final.cram'],['s3://human-pangenomics/working/HPRC/HG02886/raw_data/Illumina/parents/HG02884/HG02884.final.cram'],/private/groups/hprc/assembly/batch3/HG02886/analysis/assembly/HG02885.yak,/private/groups/hprc/assembly/batch3/HG02886/analysis/assembly/HG02884.yak,/private/groups/hprc/ref_files/grch38/hs38DH.fa
HG03453,s3://human-pangenomics/working/HPRC/HG03453/assemblies/year1_f1_assembly_v2_genbank/HG03453.paternal.f1_assembly_v2_genbank.fa.gz,s3://human-pangenomics/working/HPRC/HG03453/assemblies/year1_f1_assembly_v2_genbank/HG03453.maternal.f1_assembly_v2_genbank.fa.gz,HG03452,HG03451,['s3://human-pangenomics/working/HPRC/HG03453/raw_data/Illumina/child/HG03453.final.cram'],['s3://human-pangenomics/working/HPRC/HG03453/raw_data/Illumina/parents/HG03452/HG03452.final.cram'],['s3://human-pangenomics/working/HPRC/HG03453/raw_data/Illumina/parents/HG03451/HG03451.final.cram'],/private/groups/hprc/assembly/batch3/HG03453/analysis/assembly/HG03452.yak,/private/groups/hprc/assembly/batch3/HG03453/analysis/assembly/HG03451.yak,/private/groups/hprc/ref_files/grch38/hs38DH.fa
HG03516,s3://human-pangenomics/working/HPRC/HG03516/assemblies/year1_f1_assembly_v2_genbank/HG03516.paternal.f1_assembly_v2_genbank.fa.gz,s3://human-pangenomics/working/HPRC/HG03516/assemblies/year1_f1_assembly_v2_genbank/HG03516.maternal.f1_assembly_v2_genbank.fa.gz,HG03515,HG03514,['s3://human-pangenomics/working/HPRC/HG03516/raw_data/Illumina/child/HG03516.final.cram'],['s3://human-pangenomics/working/HPRC/HG03516/raw_data/Illumina/parents/HG03514/HG03514.final.cram'],['s3://human-pangenomics/working/HPRC/HG03516/raw_data/Illumina/parents/HG03515/HG03515.final.cram'],/private/groups/hprc/assembly/batch6/HG03516/analysis/trio_hifiasm_assembly_cutadapt_multistep_outputs/8a1718c8-f053-4ffe-bedc-5e4901226562/HG03515.yak,/private/groups/hprc/assembly/batch6/HG03516/analysis/trio_hifiasm_assembly_cutadapt_multistep_outputs/b104996c-415d-4457-8a6d-168f693bcc39/HG03514.yak,/private/groups/hprc/ref_files/grch38/hs38DH.fa
HG03540,s3://human-pangenomics/working/HPRC/HG03540/assemblies/year1_f1_assembly_v2_genbank/HG03540.paternal.f1_assembly_v2_genbank.fa.gz,s3://human-pangenomics/working/HPRC/HG03540/assemblies/year1_f1_assembly_v2_genbank/HG03540.maternal.f1_assembly_v2_genbank.fa.gz,HG03539,HG03538,['s3://human-pangenomics/working/HPRC/HG03540/raw_data/Illumina/child/HG03540.final.cram'],['s3://human-pangenomics/working/HPRC/HG03540/raw_data/Illumina/parents/HG03539/HG03539.final.cram'],['s3://human-pangenomics/working/HPRC/HG03540/raw_data/Illumina/parents/HG03538/HG03538.final.cram'],/private/groups/hprc/assembly/batch3/HG03540/analysis/assembly/HG03539.yak,/private/groups/hprc/assembly/batch3/HG03540/analysis/assembly/HG03538.yak,/private/groups/hprc/ref_files/grch38/hs38DH.fa
HG03579,s3://human-pangenomics/working/HPRC/HG03579/assemblies/year1_f1_assembly_v2_genbank/HG03579.paternal.f1_assembly_v2_genbank.fa.gz,s3://human-pangenomics/working/HPRC/HG03579/assemblies/year1_f1_assembly_v2_genbank/HG03579.maternal.f1_assembly_v2_genbank.fa.gz,HG03577,HG03578,['s3://human-pangenomics/working/HPRC/HG03579/raw_data/Illumina/child/HG03579.final.cram'],['s3://human-pangenomics/working/HPRC/HG03579/raw_data/Illumina/parents/HG03578/HG03578.final.cram'],['s3://human-pangenomics/working/HPRC/HG03579/raw_data/Illumina/parents/HG03577/HG03577.final.cram'],/private/groups/hprc/assembly/batch6/HG03579/analysis/trio_hifiasm_assembly_cutadapt_multistep_outputs/f2db6eaa-6bdf-4c1b-b2a8-7c27475ac9e8/HG03577.yak,/private/groups/hprc/assembly/batch6/HG03579/analysis/trio_hifiasm_assembly_cutadapt_multistep_outputs/23de938e-170f-41b1-867f-8c5d3ef67065/HG03578.yak,/private/groups/hprc/ref_files/grch38/hs38DH.fa
HG002,s3://human-pangenomics/working/HPRC_PLUS/HG002/assemblies/year1_f1_assembly_v2_genbank/HG002.paternal.f1_assembly_v2_genbank.fa.gz,s3://human-pangenomics/working/HPRC_PLUS/HG002/assemblies/year1_f1_assembly_v2_genbank/HG002.maternal.f1_assembly_v2_genbank.fa.gz,HG004,HG003,"['s3://human-pangenomics/submissions/FFC78D9F-296E-41DD-9E50-C4B5806613EE--HPRC_PLUS_GIAB/HG002/raw_data/Illumina/child/brain-genomics/HG002.novaseq.pcr-free.30x.R1.fastq.gz', 's3://human-pangenomics/submissions/FFC78D9F-296E-41DD-9E50-C4B5806613EE--HPRC_PLUS_GIAB/HG002/raw_data/Illumina/child/brain-genomics/HG002.novaseq.pcr-free.30x.R2.fastq.gz']","['s3://human-pangenomics/submissions/FFC78D9F-296E-41DD-9E50-C4B5806613EE--HPRC_PLUS_GIAB/HG002/raw_data/Illumina/parents/HG004/brain-genomics/HG004.novaseq.pcr-free.30x.R1.fastq.gz', 's3://human-pangenomics/submissions/FFC78D9F-296E-41DD-9E50-C4B5806613EE--HPRC_PLUS_GIAB/HG002/raw_data/Illumina/parents/HG004/brain-genomics/HG004.novaseq.pcr-free.30x.R2.fastq.gz']","['s3://human-pangenomics/submissions/FFC78D9F-296E-41DD-9E50-C4B5806613EE--HPRC_PLUS_GIAB/HG002/raw_data/Illumina/parents/HG003/brain-genomics/HG003.novaseq.pcr-free.30x.R1.fastq.gz', 's3://human-pangenomics/submissions/FFC78D9F-296E-41DD-9E50-C4B5806613EE--HPRC_PLUS_GIAB/HG002/raw_data/Illumina/parents/HG003/brain-genomics/HG003.novaseq.pcr-free.30x.R2.fastq.gz']",/private/groups/hprc/assembly/batch10/HG002/analysis/trio_hifiasm_assembly_cutadapt_multistep_outputs/b34297f9-c6f6-422b-b536-c7d5f030c1c4/HG004.yak,/private/groups/hprc/assembly/batch10/HG002/analysis/trio_hifiasm_assembly_cutadapt_multistep_outputs/b0ddd51d-7144-4800-b478-8bdffb6864d5/HG003.yak,/private/groups/hprc/ref_files/grch38/hs38DH.fa
HG005,s3://human-pangenomics/working/HPRC_PLUS/HG005/assemblies/year1_f1_assembly_v2_genbank/HG005.paternal.f1_assembly_v2_genbank.fa.gz,s3://human-pangenomics/working/HPRC_PLUS/HG005/assemblies/year1_f1_assembly_v2_genbank/HG005.maternal.f1_assembly_v2_genbank.fa.gz,HG006,HG007,"['/private/groups/hprc/assembly/sandbox/giab_ilmn/HG005_ilmn_all_data/Illumina/child/5A2-24481580/5A2_S6_L001_R1_001.fastq.gz', '/private/groups/hprc/assembly/sandbox/giab_ilmn/HG005_ilmn_all_data/Illumina/child/5A2-24481580/5A2_S6_L002_R2_001.fastq.gz', '/private/groups/hprc/assembly/sandbox/giab_ilmn/HG005_ilmn_all_data/Illumina/child/5A2-24481580/5A2_S6_L001_R2_001.fastq.gz', '/private/groups/hprc/assembly/sandbox/giab_ilmn/HG005_ilmn_all_data/Illumina/child/5A2-24481580/5A2_S6_L002_R1_001.fastq.gz', '/private/groups/hprc/assembly/sandbox/giab_ilmn/HG005_ilmn_all_data/Illumina/child/5F1-24481575/5F1_S1_L002_R1_001.fastq.gz', '/private/groups/hprc/assembly/sandbox/giab_ilmn/HG005_ilmn_all_data/Illumina/child/5F1-24481575/5F1_S1_L001_R2_001.fastq.gz', '/private/groups/hprc/assembly/sandbox/giab_ilmn/HG005_ilmn_all_data/Illumina/child/5F1-24481575/5F1_S1_L001_R1_001.fastq.gz', '/private/groups/hprc/assembly/sandbox/giab_ilmn/HG005_ilmn_all_data/Illumina/child/5F1-24481575/5F1_S1_L002_R2_001.fastq.gz', '/private/groups/hprc/assembly/sandbox/giab_ilmn/HG005_ilmn_all_data/Illumina/child/5C1-24481583/5C1_S9_L001_R2_001.fastq.gz', '/private/groups/hprc/assembly/sandbox/giab_ilmn/HG005_ilmn_all_data/Illumina/child/5C1-24481583/5C1_S9_L002_R2_001.fastq.gz', '/private/groups/hprc/assembly/sandbox/giab_ilmn/HG005_ilmn_all_data/Illumina/child/5C1-24481583/5C1_S9_L001_R1_001.fastq.gz', '/private/groups/hprc/assembly/sandbox/giab_ilmn/HG005_ilmn_all_data/Illumina/child/5C1-24481583/5C1_S9_L002_R1_001.fastq.gz', '/private/groups/hprc/assembly/sandbox/giab_ilmn/HG005_ilmn_all_data/Illumina/child/5L2-24481578/5L2_S4_L001_R2_001.fastq.gz', '/private/groups/hprc/assembly/sandbox/giab_ilmn/HG005_ilmn_all_data/Illumina/child/5L2-24481578/5L2_S4_L002_R1_001.fastq.gz', '/private/groups/hprc/assembly/sandbox/giab_ilmn/HG005_ilmn_all_data/Illumina/child/5L2-24481578/5L2_S4_L002_R2_001.fastq.gz', '/private/groups/hprc/assembly/sandbox/giab_ilmn/HG005_ilmn_all_data/Illumina/child/5L2-24481578/5L2_S4_L001_R1_001.fastq.gz', '/private/groups/hprc/assembly/sandbox/giab_ilmn/HG005_ilmn_all_data/Illumina/child/5D2-24481586/5D2_S12_L002_R1_001.fastq.gz', '/private/groups/hprc/assembly/sandbox/giab_ilmn/HG005_ilmn_all_data/Illumina/child/5D2-24481586/5D2_S12_L001_R1_001.fastq.gz', '/private/groups/hprc/assembly/sandbox/giab_ilmn/HG005_ilmn_all_data/Illumina/child/5D2-24481586/5D2_S12_L002_R2_001.fastq.gz', '/private/groups/hprc/assembly/sandbox/giab_ilmn/HG005_ilmn_all_data/Illumina/child/5D2-24481586/5D2_S12_L001_R2_001.fastq.gz', '/private/groups/hprc/assembly/sandbox/giab_ilmn/HG005_ilmn_all_data/Illumina/child/5C2-24481584/5C2_S10_L001_R2_001.fastq.gz', '/private/groups/hprc/assembly/sandbox/giab_ilmn/HG005_ilmn_all_data/Illumina/child/5C2-24481584/5C2_S10_L002_R2_001.fastq.gz', '/private/groups/hprc/assembly/sandbox/giab_ilmn/HG005_ilmn_all_data/Illumina/child/5C2-24481584/5C2_S10_L002_R1_001.fastq.gz', '/private/groups/hprc/assembly/sandbox/giab_ilmn/HG005_ilmn_all_data/Illumina/child/5C2-24481584/5C2_S10_L001_R1_001.fastq.gz', '/private/groups/hprc/assembly/sandbox/giab_ilmn/HG005_ilmn_all_data/Illumina/child/5B1-24481581/5B1_S7_L001_R1_001.fastq.gz', '/private/groups/hprc/assembly/sandbox/giab_ilmn/HG005_ilmn_all_data/Illumina/child/5B1-24481581/5B1_S7_L001_R2_001.fastq.gz', '/private/groups/hprc/assembly/sandbox/giab_ilmn/HG005_ilmn_all_data/Illumina/child/5B1-24481581/5B1_S7_L002_R1_001.fastq.gz', '/private/groups/hprc/assembly/sandbox/giab_ilmn/HG005_ilmn_all_data/Illumina/child/5B1-24481581/5B1_S7_L002_R2_001.fastq.gz', '/private/groups/hprc/assembly/sandbox/giab_ilmn/HG005_ilmn_all_data/Illumina/child/5A1-24481579/5A1_S5_L002_R2_001.fastq.gz', '/private/groups/hprc/assembly/sandbox/giab_ilmn/HG005_ilmn_all_data/Illumina/child/5A1-24481579/5A1_S5_L002_R1_001.fastq.gz', '/private/groups/hprc/assembly/sandbox/giab_ilmn/HG005_ilmn_all_data/Illumina/child/5A1-24481579/5A1_S5_L001_R1_001.fastq.gz', '/private/groups/hprc/assembly/sandbox/giab_ilmn/HG005_ilmn_all_data/Illumina/child/5A1-24481579/5A1_S5_L001_R2_001.fastq.gz', '/private/groups/hprc/assembly/sandbox/giab_ilmn/HG005_ilmn_all_data/Illumina/child/5F2-24481576/5F2_S2_L001_R1_001.fastq.gz', '/private/groups/hprc/assembly/sandbox/giab_ilmn/HG005_ilmn_all_data/Illumina/child/5F2-24481576/5F2_S2_L002_R2_001.fastq.gz', '/private/groups/hprc/assembly/sandbox/giab_ilmn/HG005_ilmn_all_data/Illumina/child/5F2-24481576/5F2_S2_L001_R2_001.fastq.gz', '/private/groups/hprc/assembly/sandbox/giab_ilmn/HG005_ilmn_all_data/Illumina/child/5F2-24481576/5F2_S2_L002_R1_001.fastq.gz', '/private/groups/hprc/assembly/sandbox/giab_ilmn/HG005_ilmn_all_data/Illumina/child/5B2-24481582/5B2_S8_L001_R1_001.fastq.gz', '/private/groups/hprc/assembly/sandbox/giab_ilmn/HG005_ilmn_all_data/Illumina/child/5B2-24481582/5B2_S8_L002_R1_001.fastq.gz', '/private/groups/hprc/assembly/sandbox/giab_ilmn/HG005_ilmn_all_data/Illumina/child/5B2-24481582/5B2_S8_L002_R2_001.fastq.gz', '/private/groups/hprc/assembly/sandbox/giab_ilmn/HG005_ilmn_all_data/Illumina/child/5B2-24481582/5B2_S8_L001_R2_001.fastq.gz', '/private/groups/hprc/assembly/sandbox/giab_ilmn/HG005_ilmn_all_data/Illumina/child/5L1-24481577/5L1_S3_L001_R1_001.fastq.gz', '/private/groups/hprc/assembly/sandbox/giab_ilmn/HG005_ilmn_all_data/Illumina/child/5L1-24481577/5L1_S3_L002_R2_001.fastq.gz', '/private/groups/hprc/assembly/sandbox/giab_ilmn/HG005_ilmn_all_data/Illumina/child/5L1-24481577/5L1_S3_L002_R1_001.fastq.gz', '/private/groups/hprc/assembly/sandbox/giab_ilmn/HG005_ilmn_all_data/Illumina/child/5L1-24481577/5L1_S3_L001_R2_001.fastq.gz', '/private/groups/hprc/assembly/sandbox/giab_ilmn/HG005_ilmn_all_data/Illumina/child/5D1-24481585/5D1_S11_L002_R1_001.fastq.gz', '/private/groups/hprc/assembly/sandbox/giab_ilmn/HG005_ilmn_all_data/Illumina/child/5D1-24481585/5D1_S11_L001_R2_001.fastq.gz', '/private/groups/hprc/assembly/sandbox/giab_ilmn/HG005_ilmn_all_data/Illumina/child/5D1-24481585/5D1_S11_L001_R1_001.fastq.gz', '/private/groups/hprc/assembly/sandbox/giab_ilmn/HG005_ilmn_all_data/Illumina/child/5D1-24481585/5D1_S11_L002_R2_001.fastq.gz']","['/private/groups/hprc/assembly/sandbox/batch10.3/141020_D00360_0063_BHB65FADXX_concat/HG007_R2_combined.fastq.gz', '/private/groups/hprc/assembly/sandbox/batch10.3/141020_D00360_0063_BHB65FADXX_concat/HG007_R1_combined.fastq.gz', '/private/groups/hprc/assembly/sandbox/batch10.3/141015_D00360_0061_BHB66HADXX_concat/HG007_R2_combined.fastq.gz', '/private/groups/hprc/assembly/sandbox/batch10.3/141015_D00360_0061_BHB66HADXX_concat/HG007_R1_combined.fastq.gz', '/private/groups/hprc/assembly/sandbox/batch10.3/141117_D00360_0066_BHB7AUADXX_concat/HG007_R2_combined.fastq.gz', '/private/groups/hprc/assembly/sandbox/batch10.3/141117_D00360_0066_BHB7AUADXX_concat/HG007_R1_combined.fastq.gz', '/private/groups/hprc/assembly/sandbox/batch10.3/141008_D00360_0059_BHB66DADXX_concat/HG007_R2_combined.fastq.gz', '/private/groups/hprc/assembly/sandbox/batch10.3/141008_D00360_0059_BHB66DADXX_concat/HG007_R1_combined.fastq.gz']","['/private/groups/hprc/assembly/sandbox/batch10.3/141020_D00360_0062_AHB657ADXX_concat/HG006_R1_combined.fastq.gz', '/private/groups/hprc/assembly/sandbox/batch10.3/141020_D00360_0062_AHB657ADXX_concat/HG006_R2_combined.fastq.gz', '/private/groups/hprc/assembly/sandbox/batch10.3/141117_D00360_0065_AHB7ACADXX_concat/HG006_R1_combined.fastq.gz', '/private/groups/hprc/assembly/sandbox/batch10.3/141117_D00360_0065_AHB7ACADXX_concat/HG006_R2_combined.fastq.gz', '/private/groups/hprc/assembly/sandbox/batch10.3/141015_D00360_0060_AHB6D7ADXX_concat/HG006_R1_combined.fastq.gz', '/private/groups/hprc/assembly/sandbox/batch10.3/141015_D00360_0060_AHB6D7ADXX_concat/HG006_R2_combined.fastq.gz', '/private/groups/hprc/assembly/sandbox/batch10.3/141008_D00360_0058_AHB675ADXX_concat/HG006_R1_combined.fastq.gz', '/private/groups/hprc/assembly/sandbox/batch10.3/141008_D00360_0058_AHB675ADXX_concat/HG006_R2_combined.fastq.gz']",/private/groups/hprc/assembly/sandbox/batch10.3/HG005/analysis/trio_hifiasm_assembly_cutadapt_multistep_outputs/e84e9f5d-4ff4-44f9-95d4-bcc34a7b47aa/HG007.yak,/private/groups/hprc/assembly/sandbox/batch10.3/HG005/analysis/trio_hifiasm_assembly_cutadapt_multistep_outputs/950ad3be-576a-4ce8-b4cc-7fed9f447abf/HG006.yak,/private/groups/hprc/ref_files/grch38/hs38DH.fa
HG00733,s3://human-pangenomics/working/HPRC_PLUS/HG00733/assemblies/year1_f1_assembly_v2_genbank/HG00733.paternal.f1_assembly_v2_genbank.fa.gz,s3://human-pangenomics/working/HPRC_PLUS/HG00733/assemblies/year1_f1_assembly_v2_genbank/HG00733.maternal.f1_assembly_v2_genbank.fa.gz,HG00732,HG00731,['s3://human-pangenomics/working/HPRC_PLUS/HG00733/raw_data/Illumina/child/HG00733.final.cram'],['s3://human-pangenomics/working/HPRC_PLUS/HG00733/raw_data/Illumina/parents/HG00732/HG00732.final.cram'],['s3://human-pangenomics/working/HPRC_PLUS/HG00733/raw_data/Illumina/parents/HG00731/HG00731.final.cram'],/private/groups/hprc/assembly/batch10/HG00733/analysis/trio_hifiasm_assembly_cutadapt_multistep_outputs/8fb596a5-2871-4bf8-85d1-9636bf29f591/HG00732.yak,/private/groups/hprc/assembly/batch10/HG00733/analysis/trio_hifiasm_assembly_cutadapt_multistep_outputs/52db8773-0370-46fb-83be-3183592bf9de/HG00731.yak,/private/groups/hprc/ref_files/grch38/hs38DH.fa
HG01109,s3://human-pangenomics/working/HPRC_PLUS/HG01109/assemblies/year1_f1_assembly_v2_genbank/HG01109.paternal.f1_assembly_v2_genbank.fa.gz,s3://human-pangenomics/working/HPRC_PLUS/HG01109/assemblies/year1_f1_assembly_v2_genbank/HG01109.maternal.f1_assembly_v2_genbank.fa.gz,HG01108,HG01107,['s3://human-pangenomics/working/HPRC_PLUS/HG01109/raw_data/Illumina/child/HG01109.final.cram'],['s3://human-pangenomics/working/HPRC_PLUS/HG01109/raw_data/Illumina/parents/HG01108/HG01108.final.cram'],['s3://human-pangenomics/working/HPRC_PLUS/HG01109/raw_data/Illumina/parents/HG01107/HG01107.final.cram'],/private/groups/hprc/assembly/batch10/HG01109/analysis/trio_hifiasm_assembly_cutadapt_multistep_outputs/322b90a4-5805-48f5-be16-83dc5aee787a/HG01108.yak,/private/groups/hprc/assembly/batch10/HG01109/analysis/trio_hifiasm_assembly_cutadapt_multistep_outputs/cd106ac1-784b-4ba3-b65b-149f150dbb92/HG01107.yak,/private/groups/hprc/ref_files/grch38/hs38DH.fa
HG01243,s3://human-pangenomics/working/HPRC_PLUS/HG01243/assemblies/year1_f1_assembly_v2_genbank/HG01243.paternal.f1_assembly_v2_genbank.fa.gz,s3://human-pangenomics/working/HPRC_PLUS/HG01243/assemblies/year1_f1_assembly_v2_genbank/HG01243.maternal.f1_assembly_v2_genbank.fa.gz,HG01242,HG01241,['s3://human-pangenomics/working/HPRC_PLUS/HG01243/raw_data/Illumina/child/HG01243.final.cram'],['s3://human-pangenomics/working/HPRC_PLUS/HG01243/raw_data/Illumina/parents/HG01242/HG01242.final.cram'],['s3://human-pangenomics/working/HPRC_PLUS/HG01243/raw_data/Illumina/parents/HG01241/HG01241.final.cram'],/private/groups/hprc/assembly/batch10/HG01243/analysis/trio_hifiasm_assembly_cutadapt_multistep_outputs/02e007f8-c6ad-4d34-8da9-293838a60b31/HG01242.yak,/private/groups/hprc/assembly/batch10/HG01243/analysis/trio_hifiasm_assembly_cutadapt_multistep_outputs/79aa975e-66c3-4345-9f79-e57b50e45427/HG01241.yak,/private/groups/hprc/ref_files/grch38/hs38DH.fa
HG02055,s3://human-pangenomics/working/HPRC_PLUS/HG02055/assemblies/year1_f1_assembly_v2_genbank/HG02055.paternal.f1_assembly_v2_genbank.fa.gz,s3://human-pangenomics/working/HPRC_PLUS/HG02055/assemblies/year1_f1_assembly_v2_genbank/HG02055.maternal.f1_assembly_v2_genbank.fa.gz,HG02054,HG02053,['s3://human-pangenomics/working/HPRC_PLUS/HG02055/raw_data/Illumina/child/HG02055.final.cram'],['s3://human-pangenomics/working/HPRC_PLUS/HG02055/raw_data/Illumina/parents/HG02054/HG02054.final.cram'],['s3://human-pangenomics/working/HPRC_PLUS/HG02055/raw_data/Illumina/parents/HG02053/HG02053.final.cram'],/private/groups/hprc/assembly/batch10/HG02055/analysis/trio_hifiasm_assembly_cutadapt_multistep_outputs/717c2166-a7c7-4613-9826-213efb407cf9/HG02054.yak,/private/groups/hprc/assembly/batch10/HG02055/analysis/trio_hifiasm_assembly_cutadapt_multistep_outputs/e45458b8-c259-42f0-9a9c-ede6a0b8d65f/HG02053.yak,/private/groups/hprc/ref_files/grch38/hs38DH.fa
HG02080,s3://human-pangenomics/working/HPRC_PLUS/HG02080/assemblies/year1_f1_assembly_v2_genbank/HG02080.paternal.f1_assembly_v2_genbank.fa.gz,s3://human-pangenomics/working/HPRC_PLUS/HG02080/assemblies/year1_f1_assembly_v2_genbank/HG02080.maternal.f1_assembly_v2_genbank.fa.gz,HG02081,HG02082,['s3://human-pangenomics/working/HPRC_PLUS/HG02080/raw_data/Illumina/child/HG02080.final.cram'],['s3://human-pangenomics/working/HPRC_PLUS/HG02080/raw_data/Illumina/parents/HG02081/HG02081.final.cram'],['s3://human-pangenomics/working/HPRC_PLUS/HG02080/raw_data/Illumina/parents/HG02082/HG02082.final.cram'],/private/groups/hprc/assembly/batch10/HG02080/analysis/trio_hifiasm_assembly_cutadapt_multistep_outputs/863bbe1c-34a9-48cb-8c3d-ec8d3bf04349/HG02081.yak,/private/groups/hprc/assembly/batch10/HG02080/analysis/trio_hifiasm_assembly_cutadapt_multistep_outputs/9624a77b-702e-4c8c-b604-40ca39c6c17b/HG02082.yak,/private/groups/hprc/ref_files/grch38/hs38DH.fa
HG02109,s3://human-pangenomics/working/HPRC_PLUS/HG02109/assemblies/year1_f1_assembly_v2_genbank/HG02109.paternal.f1_assembly_v2_genbank.fa.gz,s3://human-pangenomics/working/HPRC_PLUS/HG02109/assemblies/year1_f1_assembly_v2_genbank/HG02109.maternal.f1_assembly_v2_genbank.fa.gz,HG02108,HG02107,"['s3://human-pangenomics/working/HPRC_PLUS/HG02109/raw_data/hic/SE5313_FT-SA29554_S56_L005_R1_001.fastq.gz', 's3://human-pangenomics/working/HPRC_PLUS/HG02109/raw_data/hic/SE5313_FT-SA29554_S56_L006_R1_001.fastq.gz', 's3://human-pangenomics/working/HPRC_PLUS/HG02109/raw_data/hic/SE5313_FT-SA29554_S56_L007_R1_001.fastq.gz', 's3://human-pangenomics/working/HPRC_PLUS/HG02109/raw_data/hic/SE5313_FT-SA29555_S57_L005_R1_001.fastq.gz', 's3://human-pangenomics/working/HPRC_PLUS/HG02109/raw_data/hic/SE5313_FT-SA29555_S57_L006_R1_001.fastq.gz', 's3://human-pangenomics/working/HPRC_PLUS/HG02109/raw_data/hic/SE5313_FT-SA29555_S57_L007_R1_001.fastq.gz', 's3://human-pangenomics/working/HPRC_PLUS/HG02109/raw_data/hic/SE5313_FT-SA29554_S56_L005_R2_001.fastq.gz', 's3://human-pangenomics/working/HPRC_PLUS/HG02109/raw_data/hic/SE5313_FT-SA29554_S56_L006_R2_001.fastq.gz', 's3://human-pangenomics/working/HPRC_PLUS/HG02109/raw_data/hic/SE5313_FT-SA29554_S56_L007_R2_001.fastq.gz', 's3://human-pangenomics/working/HPRC_PLUS/HG02109/raw_data/hic/SE5313_FT-SA29555_S57_L005_R2_001.fastq.gz', 's3://human-pangenomics/working/HPRC_PLUS/HG02109/raw_data/hic/SE5313_FT-SA29555_S57_L006_R2_001.fastq.gz', 's3://human-pangenomics/working/HPRC_PLUS/HG02109/raw_data/hic/SE5313_FT-SA29555_S57_L007_R2_001.fastq.gz']",['s3://human-pangenomics/working/HPRC_PLUS/HG02109/raw_data/Illumina/parents/HG02108/HG02108.final.cram'],['s3://human-pangenomics/working/HPRC_PLUS/HG02109/raw_data/Illumina/parents/HG02107/HG02107.final.cram'],/private/groups/hprc/assembly/batch10/HG02109/analysis/trio_hifiasm_assembly_cutadapt_multistep_outputs/85d9fed7-0f3e-4c72-90b2-008089da68c4/HG02108.yak,/private/groups/hprc/assembly/batch10/HG02109/analysis/trio_hifiasm_assembly_cutadapt_multistep_outputs/8644b4c9-83be-4c97-a4cd-0cdbb382772c/HG02107.yak,/private/groups/hprc/ref_files/grch38/hs38DH.fa
HG02145,s3://human-pangenomics/working/HPRC_PLUS/HG02145/assemblies/year1_f1_assembly_v2_genbank/HG02145.paternal.f1_assembly_v2_genbank.fa.gz,s3://human-pangenomics/working/HPRC_PLUS/HG02145/assemblies/year1_f1_assembly_v2_genbank/HG02145.maternal.f1_assembly_v2_genbank.fa.gz,HG02144,HG02143,['s3://human-pangenomics/working/HPRC_PLUS/HG02145/raw_data/Illumina/child/HG02145.final.cram'],['s3://human-pangenomics/working/HPRC_PLUS/HG02145/raw_data/Illumina/parents/HG02144/HG02144.final.cram'],['s3://human-pangenomics/working/HPRC_PLUS/HG02145/raw_data/Illumina/parents/HG02143/HG02143.final.cram'],/private/groups/hprc/assembly/batch10/HG02145/analysis/trio_hifiasm_assembly_cutadapt_multistep_outputs/944e36c4-0640-4559-a73c-27d4bdd28710/HG02144.yak,/private/groups/hprc/assembly/batch10/HG02145/analysis/trio_hifiasm_assembly_cutadapt_multistep_outputs/608a2c8b-2fe6-4720-bd69-b99edd9c76a8/HG02143.yak,/private/groups/hprc/ref_files/grch38/hs38DH.fa
HG02723,s3://human-pangenomics/working/HPRC_PLUS/HG02723/assemblies/year1_f1_assembly_v2_genbank/HG02723.paternal.f1_assembly_v2_genbank.fa.gz,s3://human-pangenomics/working/HPRC_PLUS/HG02723/assemblies/year1_f1_assembly_v2_genbank/HG02723.maternal.f1_assembly_v2_genbank.fa.gz,HG02722,HG02721,['s3://human-pangenomics/working/HPRC_PLUS/HG02723/raw_data/Illumina/child/HG02723.final.cram'],['s3://human-pangenomics/working/HPRC_PLUS/HG02723/raw_data/Illumina/parents/HG02722/HG02722.final.cram'],['s3://human-pangenomics/working/HPRC_PLUS/HG02723/raw_data/Illumina/parents/HG02721/HG02721.final.cram'],/private/groups/hprc/assembly/batch10/HG02723/analysis/trio_hifiasm_assembly_cutadapt_multistep_outputs/2389e953-3e13-4e84-83fe-d414927650d1/HG02722.yak,/private/groups/hprc/assembly/batch10/HG02723/analysis/trio_hifiasm_assembly_cutadapt_multistep_outputs/b57eefe3-989b-45a6-8bce-7c992f2eb1b9/HG02721.yak,/private/groups/hprc/ref_files/grch38/hs38DH.fa
HG02818,s3://human-pangenomics/working/HPRC_PLUS/HG02818/assemblies/year1_f1_assembly_v2_genbank/HG02818.paternal.f1_assembly_v2_genbank.fa.gz,s3://human-pangenomics/working/HPRC_PLUS/HG02818/assemblies/year1_f1_assembly_v2_genbank/HG02818.maternal.f1_assembly_v2_genbank.fa.gz,HG02817,HG02816,['s3://human-pangenomics/working/HPRC_PLUS/HG02818/raw_data/Illumina/child/HG02818.final.cram'],['s3://human-pangenomics/working/HPRC_PLUS/HG02818/raw_data/Illumina/parents/HG02817/HG02817.final.cram'],['s3://human-pangenomics/working/HPRC_PLUS/HG02818/raw_data/Illumina/parents/HG02816/HG02816.final.cram'],/private/groups/hprc/assembly/batch10/HG02818/analysis/trio_hifiasm_assembly_cutadapt_multistep_outputs/4e613afc-8129-46ac-b9ff-c205e360d63d/HG02817.yak,/private/groups/hprc/assembly/batch10/HG02818/analysis/trio_hifiasm_assembly_cutadapt_multistep_outputs/12c748a8-0cce-4fb2-b5ff-d685ba01d8e0/HG02816.yak,/private/groups/hprc/ref_files/grch38/hs38DH.fa
HG03098,s3://human-pangenomics/working/HPRC_PLUS/HG03098/assemblies/year1_f1_assembly_v2_genbank/HG03098.paternal.f1_assembly_v2_genbank.fa.gz,s3://human-pangenomics/working/HPRC_PLUS/HG03098/assemblies/year1_f1_assembly_v2_genbank/HG03098.maternal.f1_assembly_v2_genbank.fa.gz,HG03097,HG03096,['s3://human-pangenomics/working/HPRC_PLUS/HG03098/raw_data/Illumina/child/HG03098.final.cram'],['s3://human-pangenomics/working/HPRC_PLUS/HG03098/raw_data/Illumina/parents/HG03097/HG03097.final.cram'],['s3://human-pangenomics/working/HPRC_PLUS/HG03098/raw_data/Illumina/parents/HG03096/HG03096.final.cram'],/private/groups/hprc/assembly/batch10/HG03098/analysis/trio_hifiasm_assembly_cutadapt_multistep_outputs/b28cd1cf-be49-4988-85a4-93991bed9b57/HG03097.yak,/private/groups/hprc/assembly/batch10/HG03098/analysis/trio_hifiasm_assembly_cutadapt_multistep_outputs/772410d3-9235-49e9-9fbb-0777a21416db/HG03096.yak,/private/groups/hprc/ref_files/grch38/hs38DH.fa
HG03486,s3://human-pangenomics/working/HPRC_PLUS/HG03486/assemblies/year1_f1_assembly_v2_genbank/HG03486.paternal.f1_assembly_v2_genbank.fa.gz,s3://human-pangenomics/working/HPRC_PLUS/HG03486/assemblies/year1_f1_assembly_v2_genbank/HG03486.maternal.f1_assembly_v2_genbank.fa.gz,HG03485,HG03484,['s3://human-pangenomics/working/HPRC_PLUS/HG03486/raw_data/Illumina/child/HG03486.final.cram'],['s3://human-pangenomics/working/HPRC_PLUS/HG03486/raw_data/Illumina/parents/HG03485/HG03485.final.cram'],['s3://human-pangenomics/working/HPRC_PLUS/HG03486/raw_data/Illumina/parents/HG03484/HG03484.final.cram'],/private/groups/hprc/assembly/batch10/HG03486/analysis/trio_hifiasm_assembly_cutadapt_multistep_outputs/3856a1c6-5dbc-469a-bbbd-5f6e5543c702/HG03485.yak,/private/groups/hprc/assembly/batch10/HG03486/analysis/trio_hifiasm_assembly_cutadapt_multistep_outputs/c6bfb763-6f4c-4873-88b1-2a1b0aaaa253/HG03484.yak,/private/groups/hprc/ref_files/grch38/hs38DH.fa
HG03492,s3://human-pangenomics/working/HPRC_PLUS/HG03492/assemblies/year1_f1_assembly_v2_genbank/HG03492.paternal.f1_assembly_v2_genbank.fa.gz,s3://human-pangenomics/working/HPRC_PLUS/HG03492/assemblies/year1_f1_assembly_v2_genbank/HG03492.maternal.f1_assembly_v2_genbank.fa.gz,HG03491,HG03490,['s3://human-pangenomics/working/HPRC_PLUS/HG03492/raw_data/Illumina/child/HG03492.final.cram'],['s3://human-pangenomics/working/HPRC_PLUS/HG03492/raw_data/Illumina/parents/HG03491/HG03491.final.cram'],['s3://human-pangenomics/working/HPRC_PLUS/HG03492/raw_data/Illumina/parents/HG03490/HG03490.final.cram'],/private/groups/hprc/assembly/batch10/HG03492/analysis/trio_hifiasm_assembly_cutadapt_multistep_outputs/d67053e8-c8ca-4291-95d5-ae72fc53dba8/HG03491.yak,/private/groups/hprc/assembly/batch10/HG03492/analysis/trio_hifiasm_assembly_cutadapt_multistep_outputs/cf715488-83be-4890-a0f1-6fb0e54e8a20/HG03490.yak,/private/groups/hprc/ref_files/grch38/hs38DH.fa
NA18906,s3://human-pangenomics/working/HPRC_PLUS/NA18906/assemblies/year1_f1_assembly_v2_genbank/NA18906.paternal.f1_assembly_v2_genbank.fa.gz,s3://human-pangenomics/working/HPRC_PLUS/NA18906/assemblies/year1_f1_assembly_v2_genbank/NA18906.maternal.f1_assembly_v2_genbank.fa.gz,NA18876,NA18877,['s3://human-pangenomics/working/HPRC_PLUS/NA18906/raw_data/Illumina/child/NA18906.final.cram'],['s3://human-pangenomics/working/HPRC_PLUS/NA18906/raw_data/Illumina/parents/NA18876/NA18876.final.cram'],['s3://human-pangenomics/working/HPRC_PLUS/NA18906/raw_data/Illumina/parents/NA18877/NA18877.final.cram'],/private/groups/hprc/assembly/batch10/NA18906/analysis/trio_hifiasm_assembly_cutadapt_multistep_outputs/089bf8a0-640c-4005-b629-73eed7878d7d/NA18876.yak,/private/groups/hprc/assembly/batch10/NA18906/analysis/trio_hifiasm_assembly_cutadapt_multistep_outputs/cb5dd68d-f220-4a73-8aae-3ebc7099dd66/NA18877.yak,/private/groups/hprc/ref_files/grch38/hs38DH.fa
NA19240,s3://human-pangenomics/working/HPRC_PLUS/NA19240/assemblies/year1_f1_assembly_v2_genbank/NA19240.paternal.f1_assembly_v2_genbank.fa.gz,s3://human-pangenomics/working/HPRC_PLUS/NA19240/assemblies/year1_f1_assembly_v2_genbank/NA19240.maternal.f1_assembly_v2_genbank.fa.gz,NA19238,NA19239,['s3://human-pangenomics/working/HPRC_PLUS/NA19240/raw_data/Illumina/child/NA19240.final.cram'],['s3://human-pangenomics/working/HPRC_PLUS/NA19240/raw_data/Illumina/parents/NA19238/NA19238.final.cram'],['s3://human-pangenomics/working/HPRC_PLUS/NA19240/raw_data/Illumina/parents/NA19239/NA19239.final.cram'],/private/groups/hprc/assembly/batch10/NA19240/analysis/trio_hifiasm_assembly_cutadapt_multistep_outputs/826046d0-830d-4875-8a3c-c96366a49a09/NA19238.yak,/private/groups/hprc/assembly/batch10/NA19240/analysis/trio_hifiasm_assembly_cutadapt_multistep_outputs/a5138f70-70fb-47a5-9fbc-4d0aa112bf5c/NA19239.yak,/private/groups/hprc/ref_files/grch38/hs38DH.fa
NA20129,s3://human-pangenomics/working/HPRC_PLUS/NA20129/assemblies/year1_f1_assembly_v2_genbank/NA20129.paternal.f1_assembly_v2_genbank.fa.gz,s3://human-pangenomics/working/HPRC_PLUS/NA20129/assemblies/year1_f1_assembly_v2_genbank/NA20129.maternal.f1_assembly_v2_genbank.fa.gz,NA19921,NA19920,['s3://human-pangenomics/working/HPRC_PLUS/NA20129/raw_data/Illumina/child/NA20129.final.cram'],['s3://human-pangenomics/working/HPRC_PLUS/NA20129/raw_data/Illumina/parents/NA19921/NA19921.final.cram'],['s3://human-pangenomics/working/HPRC_PLUS/NA20129/raw_data/Illumina/parents/NA19920/NA19920.final.cram'],/private/groups/hprc/assembly/batch10/NA20129/analysis/trio_hifiasm_assembly_cutadapt_multistep_outputs/5471a43c-d7d9-44a0-b5c2-9dd82560b1a2/NA19921.yak,/private/groups/hprc/assembly/batch10/NA20129/analysis/trio_hifiasm_assembly_cutadapt_multistep_outputs/da9a9c91-d16f-4658-950e-71334b52bc17/NA19920.yak,/private/groups/hprc/ref_files/grch38/hs38DH.fa
NA21309,s3://human-pangenomics/working/HPRC_PLUS/NA21309/assemblies/year1_f1_assembly_v2_genbank/NA21309.paternal.f1_assembly_v2_genbank.fa.gz,s3://human-pangenomics/working/HPRC_PLUS/NA21309/assemblies/year1_f1_assembly_v2_genbank/NA21309.maternal.f1_assembly_v2_genbank.fa.gz,NA21308,NA21307,"['s3://human-pangenomics/working/HPRC_PLUS/NA21309/raw_data/Illumina/child/AATGACGC-AATGACGC_S5_L001_R1_001.fastq.gz', 's3://human-pangenomics/working/HPRC_PLUS/NA21309/raw_data/Illumina/child/AATGACGC-AATGACGC_S5_L001_R2_001.fastq.gz']","['s3://human-pangenomics/working/HPRC_PLUS/NA21309/raw_data/Illumina/parents/NA21308/CTTGTCGA-GAACATCG_S7_L001_R1_001.fastq.gz', 's3://human-pangenomics/working/HPRC_PLUS/NA21309/raw_data/Illumina/parents/NA21308/CTTGTCGA-GAACATCG_S7_L001_R2_001.fastq.gz']","['s3://human-pangenomics/working/HPRC_PLUS/NA21309/raw_data/Illumina/parents/NA21307/AGAACGAG-CGGCTAAT_S10_L002_R1_001.fastq.gz', 's3://human-pangenomics/working/HPRC_PLUS/NA21309/raw_data/Illumina/parents/NA21307/AGAACGAG-CGGCTAAT_S10_L002_R2_001.fastq.gz']",/private/groups/hprc/assembly/batch10/NA21309/analysis/trio_hifiasm_assembly_cutadapt_multistep_outputs/56710dfd-332b-4dfc-811a-64d2d3a288db/NA21308.yak,/private/groups/hprc/assembly/batch10/NA21309/analysis/trio_hifiasm_assembly_cutadapt_multistep_outputs/c1725721-3a0a-4c65-9d21-a5c6de94af6d/NA21307.yak,/private/groups/hprc/ref_files/grch38/hs38DH.fa